boloName,theta[deg.],phi[deg.],x[mm],y[mm],waferID,pixelID,freq[GHz],antenna,pol.ang.[deg.],diameter[mm]
000_000_000_QA_050_T,9.74,153.8,-151.796,74.693,0,0,50.0,QA,0,32.0
000_000_000_QA_050_B,9.74,153.8,-151.796,74.693,0,0,50.0,QA,90,32.0
000_000_000_QA_068_T,9.74,153.8,-151.796,74.693,0,0,68.0,QA,0,32.0
000_000_000_QA_068_B,9.74,153.8,-151.796,74.693,0,0,68.0,QA,90,32.0
000_000_000_QA_089_T,9.74,153.8,-151.796,74.693,0,0,89.0,QA,0,32.0
000_000_000_QA_089_B,9.74,153.8,-151.796,74.693,0,0,89.0,QA,90,32.0
000_000_001_QB_050_T,8.42,149.6,-126.296,74.098,0,1,50.0,QB,0,32.0
000_000_001_QB_050_B,8.42,149.6,-126.296,74.098,0,1,50.0,QB,90,32.0
000_000_001_QB_068_T,8.42,149.6,-126.296,74.098,0,1,68.0,QB,0,32.0
000_000_001_QB_068_B,8.42,149.6,-126.296,74.098,0,1,68.0,QB,90,32.0
000_000_001_QB_089_T,8.42,149.6,-126.296,74.098,0,1,89.0,QB,0,32.0
000_000_001_QB_089_B,8.42,149.6,-126.296,74.098,0,1,89.0,QB,90,32.0
000_000_002_UA_050_T,7.14,144.0,-100.556,73.058,0,2,50.0,UA,45,32.0
000_000_002_UA_050_B,7.14,144.0,-100.556,73.058,0,2,50.0,UA,135,32.0
000_000_002_UA_068_T,7.14,144.0,-100.556,73.058,0,2,68.0,UA,45,32.0
000_000_002_UA_068_B,7.14,144.0,-100.556,73.058,0,2,68.0,UA,135,32.0
000_000_002_UA_089_T,7.14,144.0,-100.556,73.058,0,2,89.0,UA,45,32.0
000_000_002_UA_089_B,7.14,144.0,-100.556,73.058,0,2,89.0,UA,135,32.0
000_000_003_QA_040_T,9.16,162.6,-151.907,47.605,0,3,40.0,QA,0,32.0
000_000_003_QA_040_B,9.16,162.6,-151.907,47.605,0,3,40.0,QA,90,32.0
000_000_003_QA_060_T,9.16,162.6,-151.907,47.605,0,3,60.0,QA,0,32.0
000_000_003_QA_060_B,9.16,162.6,-151.907,47.605,0,3,60.0,QA,90,32.0
000_000_003_QA_078_T,9.16,162.6,-151.907,47.605,0,3,78.0,QA,0,32.0
000_000_003_QA_078_B,9.16,162.6,-151.907,47.605,0,3,78.0,QA,90,32.0
000_000_004_QB_040_T,7.74,159.8,-126.394,46.504,0,4,40.0,QB,0,32.0
000_000_004_QB_040_B,7.74,159.8,-126.394,46.504,0,4,40.0,QB,90,32.0
000_000_004_QB_060_T,7.74,159.8,-126.394,46.504,0,4,60.0,QB,0,32.0
000_000_004_QB_060_B,7.74,159.8,-126.394,46.504,0,4,60.0,QB,90,32.0
000_000_004_QB_078_T,7.74,159.8,-126.394,46.504,0,4,78.0,QB,0,32.0
000_000_004_QB_078_B,7.74,159.8,-126.394,46.504,0,4,78.0,QB,90,32.0
000_000_005_UA_040_T,6.36,155.6,-100.881,45.762,0,5,40.0,UA,45,32.0
000_000_005_UA_040_B,6.36,155.6,-100.881,45.762,0,5,40.0,UA,135,32.0
000_000_005_UA_060_T,6.36,155.6,-100.881,45.762,0,5,60.0,UA,45,32.0
000_000_005_UA_060_B,6.36,155.6,-100.881,45.762,0,5,60.0,UA,135,32.0
000_000_005_UA_078_T,6.36,155.6,-100.881,45.762,0,5,78.0,UA,45,32.0
000_000_005_UA_078_B,6.36,155.6,-100.881,45.762,0,5,78.0,UA,135,32.0
000_000_006_UA_040_T,8.82,172.4,-151.984,20.279,0,6,40.0,UA,45,32.0
000_000_006_UA_040_B,8.82,172.4,-151.984,20.279,0,6,40.0,UA,135,32.0
000_000_006_UA_060_T,8.82,172.4,-151.984,20.279,0,6,60.0,UA,45,32.0
000_000_006_UA_060_B,8.82,172.4,-151.984,20.279,0,6,60.0,UA,135,32.0
000_000_006_UA_078_T,8.82,172.4,-151.984,20.279,0,6,78.0,UA,45,32.0
000_000_006_UA_078_B,8.82,172.4,-151.984,20.279,0,6,78.0,UA,135,32.0
000_000_007_UB_040_T,7.36,171.4,-126.663,19.156,0,7,40.0,UB,45,32.0
000_000_007_UB_040_B,7.36,171.4,-126.663,19.156,0,7,40.0,UB,135,32.0
000_000_007_UB_060_T,7.36,171.4,-126.663,19.156,0,7,60.0,UB,45,32.0
000_000_007_UB_060_B,7.36,171.4,-126.663,19.156,0,7,60.0,UB,135,32.0
000_000_007_UB_078_T,7.36,171.4,-126.663,19.156,0,7,78.0,UB,45,32.0
000_000_007_UB_078_B,7.36,171.4,-126.663,19.156,0,7,78.0,UB,135,32.0
000_000_008_UA_040_T,5.88,169.6,-100.762,18.493,0,8,40.0,UA,45,32.0
000_000_008_UA_040_B,5.88,169.6,-100.762,18.493,0,8,40.0,UA,135,32.0
000_000_008_UA_060_T,5.88,169.6,-100.762,18.493,0,8,60.0,UA,45,32.0
000_000_008_UA_060_B,5.88,169.6,-100.762,18.493,0,8,60.0,UA,135,32.0
000_000_008_UA_078_T,5.88,169.6,-100.762,18.493,0,8,78.0,UA,45,32.0
000_000_008_UA_078_B,5.88,169.6,-100.762,18.493,0,8,78.0,UA,135,32.0
000_001_000_QA_078_T,6.24,133.2,-74.406,79.234,1,0,78.0,QA,0,16.0
000_001_000_QA_078_B,6.24,133.2,-74.406,79.234,1,0,78.0,QA,90,16.0
000_001_000_QA_100_T,6.24,133.2,-74.406,79.234,1,0,100.0,QA,0,16.0
000_001_000_QA_100_B,6.24,133.2,-74.406,79.234,1,0,100.0,QA,90,16.0
000_001_000_QA_140_T,6.24,133.2,-74.406,79.234,1,0,140.0,QA,0,16.0
000_001_000_QA_140_B,6.24,133.2,-74.406,79.234,1,0,140.0,QA,90,16.0
000_001_001_QB_078_T,5.74,127.8,-61.3,79.027,1,1,78.0,QB,0,16.0
000_001_001_QB_078_B,5.74,127.8,-61.3,79.027,1,1,78.0,QB,90,16.0
000_001_001_QB_100_T,5.74,127.8,-61.3,79.027,1,1,100.0,QB,0,16.0
000_001_001_QB_100_B,5.74,127.8,-61.3,79.027,1,1,100.0,QB,90,16.0
000_001_001_QB_140_T,5.74,127.8,-61.3,79.027,1,1,140.0,QB,0,16.0
000_001_001_QB_140_B,5.74,127.8,-61.3,79.027,1,1,140.0,QB,90,16.0
000_001_002_UA_078_T,5.32,121.68,-48.693,78.903,1,2,78.0,UA,45,16.0
000_001_002_UA_078_B,5.32,121.68,-48.693,78.903,1,2,78.0,UA,135,16.0
000_001_002_UA_100_T,5.32,121.68,-48.693,78.903,1,2,100.0,UA,45,16.0
000_001_002_UA_100_B,5.32,121.68,-48.693,78.903,1,2,100.0,UA,135,16.0
000_001_002_UA_140_T,5.32,121.68,-48.693,78.903,1,2,140.0,UA,45,16.0
000_001_002_UA_140_B,5.32,121.68,-48.693,78.903,1,2,140.0,UA,135,16.0
000_001_003_UB_078_T,4.96,114.48,-35.827,78.688,1,3,78.0,UB,45,16.0
000_001_003_UB_078_B,4.96,114.48,-35.827,78.688,1,3,78.0,UB,135,16.0
000_001_003_UB_100_T,4.96,114.48,-35.827,78.688,1,3,100.0,UB,45,16.0
000_001_003_UB_100_B,4.96,114.48,-35.827,78.688,1,3,100.0,UB,135,16.0
000_001_003_UB_140_T,4.96,114.48,-35.827,78.688,1,3,140.0,UB,45,16.0
000_001_003_UB_140_B,4.96,114.48,-35.827,78.688,1,3,140.0,UB,135,16.0
000_001_004_QA_078_T,4.7,106.2,-22.86,78.685,1,4,78.0,QA,0,16.0
000_001_004_QA_078_B,4.7,106.2,-22.86,78.685,1,4,78.0,QA,90,16.0
000_001_004_QA_100_T,4.7,106.2,-22.86,78.685,1,4,100.0,QA,0,16.0
000_001_004_QA_100_B,4.7,106.2,-22.86,78.685,1,4,100.0,QA,90,16.0
000_001_004_QA_140_T,4.7,106.2,-22.86,78.685,1,4,140.0,QA,0,16.0
000_001_004_QA_140_B,4.7,106.2,-22.86,78.685,1,4,140.0,QA,90,16.0
000_001_005_QB_078_T,4.54,97.2,-9.921,78.531,1,5,78.0,QB,0,16.0
000_001_005_QB_078_B,4.54,97.2,-9.921,78.531,1,5,78.0,QB,90,16.0
000_001_005_QB_100_T,4.54,97.2,-9.921,78.531,1,5,100.0,QB,0,16.0
000_001_005_QB_100_B,4.54,97.2,-9.921,78.531,1,5,100.0,QB,90,16.0
000_001_005_QB_140_T,4.54,97.2,-9.921,78.531,1,5,140.0,QB,0,16.0
000_001_005_QB_140_B,4.54,97.2,-9.921,78.531,1,5,140.0,QB,90,16.0
000_001_006_UA_078_T,5.68,138.6,-74.24,65.452,1,6,78.0,UA,45,16.0
000_001_006_UA_078_B,5.68,138.6,-74.24,65.452,1,6,78.0,UA,135,16.0
000_001_006_UA_100_T,5.68,138.6,-74.24,65.452,1,6,100.0,UA,45,16.0
000_001_006_UA_100_B,5.68,138.6,-74.24,65.452,1,6,100.0,UA,135,16.0
000_001_006_UA_140_T,5.68,138.6,-74.24,65.452,1,6,140.0,UA,45,16.0
000_001_006_UA_140_B,5.68,138.6,-74.24,65.452,1,6,140.0,UA,135,16.0
000_001_007_UB_078_T,5.14,133.2,-61.328,65.308,1,7,78.0,UB,45,16.0
000_001_007_UB_078_B,5.14,133.2,-61.328,65.308,1,7,78.0,UB,135,16.0
000_001_007_UB_100_T,5.14,133.2,-61.328,65.308,1,7,100.0,UB,45,16.0
000_001_007_UB_100_B,5.14,133.2,-61.328,65.308,1,7,100.0,UB,135,16.0
000_001_007_UB_140_T,5.14,133.2,-61.328,65.308,1,7,140.0,UB,45,16.0
000_001_007_UB_140_B,5.14,133.2,-61.328,65.308,1,7,140.0,UB,135,16.0
000_001_008_QA_078_T,4.66,126.72,-48.575,65.121,1,8,78.0,QA,0,16.0
000_001_008_QA_078_B,4.66,126.72,-48.575,65.121,1,8,78.0,QA,90,16.0
000_001_008_QA_100_T,4.66,126.72,-48.575,65.121,1,8,100.0,QA,0,16.0
000_001_008_QA_100_B,4.66,126.72,-48.575,65.121,1,8,100.0,QA,90,16.0
000_001_008_QA_140_T,4.66,126.72,-48.575,65.121,1,8,140.0,QA,0,16.0
000_001_008_QA_140_B,4.66,126.72,-48.575,65.121,1,8,140.0,QA,90,16.0
000_001_009_QB_078_T,4.26,118.8,-35.786,65.094,1,9,78.0,QB,0,16.0
000_001_009_QB_078_B,4.26,118.8,-35.786,65.094,1,9,78.0,QB,90,16.0
000_001_009_QB_100_T,4.26,118.8,-35.786,65.094,1,9,100.0,QB,0,16.0
000_001_009_QB_100_B,4.26,118.8,-35.786,65.094,1,9,100.0,QB,90,16.0
000_001_009_QB_140_T,4.26,118.8,-35.786,65.094,1,9,140.0,QB,0,16.0
000_001_009_QB_140_B,4.26,118.8,-35.786,65.094,1,9,140.0,QB,90,16.0
000_001_010_UA_078_T,3.96,109.44,-22.985,65.123,1,10,78.0,UA,45,16.0
000_001_010_UA_078_B,3.96,109.44,-22.985,65.123,1,10,78.0,UA,135,16.0
000_001_010_UA_100_T,3.96,109.44,-22.985,65.123,1,10,100.0,UA,45,16.0
000_001_010_UA_100_B,3.96,109.44,-22.985,65.123,1,10,100.0,UA,135,16.0
000_001_010_UA_140_T,3.96,109.44,-22.985,65.123,1,10,140.0,UA,45,16.0
000_001_010_UA_140_B,3.96,109.44,-22.985,65.123,1,10,140.0,UA,135,16.0
000_001_011_UB_078_T,3.76,98.64,-9.851,64.833,1,11,78.0,UB,45,16.0
000_001_011_UB_078_B,3.76,98.64,-9.851,64.833,1,11,78.0,UB,135,16.0
000_001_011_UB_100_T,3.76,98.64,-9.851,64.833,1,11,100.0,UB,45,16.0
000_001_011_UB_100_B,3.76,98.64,-9.851,64.833,1,11,100.0,UB,135,16.0
000_001_011_UB_140_T,3.76,98.64,-9.851,64.833,1,11,140.0,UB,45,16.0
000_001_011_UB_140_B,3.76,98.64,-9.851,64.833,1,11,140.0,UB,135,16.0
000_001_012_QA_078_T,5.2,145.08,-74.314,51.881,1,12,78.0,QA,0,16.0
000_001_012_QA_078_B,5.2,145.08,-74.314,51.881,1,12,78.0,QA,90,16.0
000_001_012_QA_100_T,5.2,145.08,-74.314,51.881,1,12,100.0,QA,0,16.0
000_001_012_QA_100_B,5.2,145.08,-74.314,51.881,1,12,100.0,QA,90,16.0
000_001_012_QA_140_T,5.2,145.08,-74.314,51.881,1,12,140.0,QA,0,16.0
000_001_012_QA_140_B,5.2,145.08,-74.314,51.881,1,12,140.0,QA,90,16.0
000_001_013_QB_078_T,4.6,140.04,-61.472,51.508,1,13,78.0,QB,0,16.0
000_001_013_QB_078_B,4.6,140.04,-61.472,51.508,1,13,78.0,QB,90,16.0
000_001_013_QB_100_T,4.6,140.04,-61.472,51.508,1,13,100.0,QB,0,16.0
000_001_013_QB_100_B,4.6,140.04,-61.472,51.508,1,13,100.0,QB,90,16.0
000_001_013_QB_140_T,4.6,140.04,-61.472,51.508,1,13,140.0,QB,0,16.0
000_001_013_QB_140_B,4.6,140.04,-61.472,51.508,1,13,140.0,QB,90,16.0
000_001_014_UA_078_T,4.06,133.2,-48.467,51.612,1,14,78.0,UA,45,16.0
000_001_014_UA_078_B,4.06,133.2,-48.467,51.612,1,14,78.0,UA,135,16.0
000_001_014_UA_100_T,4.06,133.2,-48.467,51.612,1,14,100.0,UA,45,16.0
000_001_014_UA_100_B,4.06,133.2,-48.467,51.612,1,14,100.0,UA,135,16.0
000_001_014_UA_140_T,4.06,133.2,-48.467,51.612,1,14,140.0,UA,45,16.0
000_001_014_UA_140_B,4.06,133.2,-48.467,51.612,1,14,140.0,UA,135,16.0
000_001_015_UB_078_T,3.58,124.92,-35.744,51.2,1,15,78.0,UB,45,16.0
000_001_015_UB_078_B,3.58,124.92,-35.744,51.2,1,15,78.0,UB,135,16.0
000_001_015_UB_100_T,3.58,124.92,-35.744,51.2,1,15,100.0,UB,45,16.0
000_001_015_UB_100_B,3.58,124.92,-35.744,51.2,1,15,100.0,UB,135,16.0
000_001_015_UB_140_T,3.58,124.92,-35.744,51.2,1,15,140.0,UB,45,16.0
000_001_015_UB_140_B,3.58,124.92,-35.744,51.2,1,15,140.0,UB,135,16.0
000_001_016_QA_078_T,3.22,114.12,-22.954,51.266,1,16,78.0,QA,0,16.0
000_001_016_QA_078_B,3.22,114.12,-22.954,51.266,1,16,78.0,QA,90,16.0
000_001_016_QA_100_T,3.22,114.12,-22.954,51.266,1,16,100.0,QA,0,16.0
000_001_016_QA_100_B,3.22,114.12,-22.954,51.266,1,16,100.0,QA,90,16.0
000_001_016_QA_140_T,3.22,114.12,-22.954,51.266,1,16,140.0,QA,0,16.0
000_001_016_QA_140_B,3.22,114.12,-22.954,51.266,1,16,140.0,QA,90,16.0
000_001_017_QB_078_T,3.0,101.16,-10.13,51.346,1,17,78.0,QB,0,16.0
000_001_017_QB_078_B,3.0,101.16,-10.13,51.346,1,17,78.0,QB,90,16.0
000_001_017_QB_100_T,3.0,101.16,-10.13,51.346,1,17,100.0,QB,0,16.0
000_001_017_QB_100_B,3.0,101.16,-10.13,51.346,1,17,100.0,QB,90,16.0
000_001_017_QB_140_T,3.0,101.16,-10.13,51.346,1,17,140.0,QB,0,16.0
000_001_017_QB_140_B,3.0,101.16,-10.13,51.346,1,17,140.0,QB,90,16.0
000_001_018_UA_068_T,4.8,152.64,-74.317,38.457,1,18,68.0,UA,45,16.0
000_001_018_UA_068_B,4.8,152.64,-74.317,38.457,1,18,68.0,UA,135,16.0
000_001_018_UA_089_T,4.8,152.64,-74.317,38.457,1,18,89.0,UA,45,16.0
000_001_018_UA_089_B,4.8,152.64,-74.317,38.457,1,18,89.0,UA,135,16.0
000_001_018_UA_119_T,4.8,152.64,-74.317,38.457,1,18,119.0,UA,45,16.0
000_001_018_UA_119_B,4.8,152.64,-74.317,38.457,1,18,119.0,UA,135,16.0
000_001_019_UB_068_T,4.14,148.32,-61.437,37.914,1,19,68.0,UB,45,16.0
000_001_019_UB_068_B,4.14,148.32,-61.437,37.914,1,19,68.0,UB,135,16.0
000_001_019_UB_089_T,4.14,148.32,-61.437,37.914,1,19,89.0,UB,45,16.0
000_001_019_UB_089_B,4.14,148.32,-61.437,37.914,1,19,89.0,UB,135,16.0
000_001_019_UB_119_T,4.14,148.32,-61.437,37.914,1,19,119.0,UB,45,16.0
000_001_019_UB_119_B,4.14,148.32,-61.437,37.914,1,19,119.0,UB,135,16.0
000_001_020_QA_068_T,3.54,142.2,-48.788,37.844,1,20,68.0,QA,0,16.0
000_001_020_QA_068_B,3.54,142.2,-48.788,37.844,1,20,68.0,QA,90,16.0
000_001_020_QA_089_T,3.54,142.2,-48.788,37.844,1,20,89.0,QA,0,16.0
000_001_020_QA_089_B,3.54,142.2,-48.788,37.844,1,20,89.0,QA,90,16.0
000_001_020_QA_119_T,3.54,142.2,-48.788,37.844,1,20,119.0,QA,0,16.0
000_001_020_QA_119_B,3.54,142.2,-48.788,37.844,1,20,119.0,QA,90,16.0
000_001_021_QB_068_T,2.98,133.56,-35.825,37.673,1,21,68.0,QB,0,16.0
000_001_021_QB_068_B,2.98,133.56,-35.825,37.673,1,21,68.0,QB,90,16.0
000_001_021_QB_089_T,2.98,133.56,-35.825,37.673,1,21,89.0,QB,0,16.0
000_001_021_QB_089_B,2.98,133.56,-35.825,37.673,1,21,89.0,QB,90,16.0
000_001_021_QB_119_T,2.98,133.56,-35.825,37.673,1,21,119.0,QB,0,16.0
000_001_021_QB_119_B,2.98,133.56,-35.825,37.673,1,21,119.0,QB,90,16.0
000_001_022_UA_068_T,2.52,121.32,-22.855,37.561,1,22,68.0,UA,45,16.0
000_001_022_UA_068_B,2.52,121.32,-22.855,37.561,1,22,68.0,UA,135,16.0
000_001_022_UA_089_T,2.52,121.32,-22.855,37.561,1,22,89.0,UA,45,16.0
000_001_022_UA_089_B,2.52,121.32,-22.855,37.561,1,22,89.0,UA,135,16.0
000_001_022_UA_119_T,2.52,121.32,-22.855,37.561,1,22,119.0,UA,45,16.0
000_001_022_UA_119_B,2.52,121.32,-22.855,37.561,1,22,119.0,UA,135,16.0
000_001_023_UB_068_T,2.24,105.12,-10.195,37.732,1,23,68.0,UB,45,16.0
000_001_023_UB_068_B,2.24,105.12,-10.195,37.732,1,23,68.0,UB,135,16.0
000_001_023_UB_089_T,2.24,105.12,-10.195,37.732,1,23,89.0,UB,45,16.0
000_001_023_UB_089_B,2.24,105.12,-10.195,37.732,1,23,89.0,UB,135,16.0
000_001_023_UB_119_T,2.24,105.12,-10.195,37.732,1,23,119.0,UB,45,16.0
000_001_023_UB_119_B,2.24,105.12,-10.195,37.732,1,23,119.0,UB,135,16.0
000_001_024_QA_068_T,4.5,161.64,-74.465,24.714,1,24,68.0,QA,0,16.0
000_001_024_QA_068_B,4.5,161.64,-74.465,24.714,1,24,68.0,QA,90,16.0
000_001_024_QA_089_T,4.5,161.64,-74.465,24.714,1,24,89.0,QA,0,16.0
000_001_024_QA_089_B,4.5,161.64,-74.465,24.714,1,24,89.0,QA,90,16.0
000_001_024_QA_119_T,4.5,161.64,-74.465,24.714,1,24,119.0,QA,0,16.0
000_001_024_QA_119_B,4.5,161.64,-74.465,24.714,1,24,119.0,QA,90,16.0
000_001_025_QB_068_T,3.8,158.4,-61.62,24.397,1,25,68.0,QB,0,16.0
000_001_025_QB_068_B,3.8,158.4,-61.62,24.397,1,25,68.0,QB,90,16.0
000_001_025_QB_089_T,3.8,158.4,-61.62,24.397,1,25,89.0,QB,0,16.0
000_001_025_QB_089_B,3.8,158.4,-61.62,24.397,1,25,89.0,QB,90,16.0
000_001_025_QB_119_T,3.8,158.4,-61.62,24.397,1,25,119.0,QB,0,16.0
000_001_025_QB_119_B,3.8,158.4,-61.62,24.397,1,25,119.0,QB,90,16.0
000_001_026_UA_068_T,3.12,153.36,-48.649,24.404,1,26,68.0,UA,45,16.0
000_001_026_UA_068_B,3.12,153.36,-48.649,24.404,1,26,68.0,UA,135,16.0
000_001_026_UA_089_T,3.12,153.36,-48.649,24.404,1,26,89.0,UA,45,16.0
000_001_026_UA_089_B,3.12,153.36,-48.649,24.404,1,26,89.0,UA,135,16.0
000_001_026_UA_119_T,3.12,153.36,-48.649,24.404,1,26,119.0,UA,45,16.0
000_001_026_UA_119_B,3.12,153.36,-48.649,24.404,1,26,119.0,UA,135,16.0
000_001_027_UB_068_T,2.48,145.8,-35.788,24.322,1,27,68.0,UB,45,16.0
000_001_027_UB_068_B,2.48,145.8,-35.788,24.322,1,27,68.0,UB,135,16.0
000_001_027_UB_089_T,2.48,145.8,-35.788,24.322,1,27,89.0,UB,45,16.0
000_001_027_UB_089_B,2.48,145.8,-35.788,24.322,1,27,89.0,UB,135,16.0
000_001_027_UB_119_T,2.48,145.8,-35.788,24.322,1,27,119.0,UB,45,16.0
000_001_027_UB_119_B,2.48,145.8,-35.788,24.322,1,27,119.0,UB,135,16.0
000_001_028_QA_068_T,1.9,133.56,-22.848,24.026,1,28,68.0,QA,0,16.0
000_001_028_QA_068_B,1.9,133.56,-22.848,24.026,1,28,68.0,QA,90,16.0
000_001_028_QA_089_T,1.9,133.56,-22.848,24.026,1,28,89.0,QA,0,16.0
000_001_028_QA_089_B,1.9,133.56,-22.848,24.026,1,28,89.0,QA,90,16.0
000_001_028_QA_119_T,1.9,133.56,-22.848,24.026,1,28,119.0,QA,0,16.0
000_001_028_QA_119_B,1.9,133.56,-22.848,24.026,1,28,119.0,QA,90,16.0
000_001_029_QB_068_T,1.5,112.68,-10.093,24.153,1,29,68.0,QB,0,16.0
000_001_029_QB_068_B,1.5,112.68,-10.093,24.153,1,29,68.0,QB,90,16.0
000_001_029_QB_089_T,1.5,112.68,-10.093,24.153,1,29,89.0,QB,0,16.0
000_001_029_QB_089_B,1.5,112.68,-10.093,24.153,1,29,89.0,QB,90,16.0
000_001_029_QB_119_T,1.5,112.68,-10.093,24.153,1,29,119.0,QB,0,16.0
000_001_029_QB_119_B,1.5,112.68,-10.093,24.153,1,29,119.0,QB,90,16.0
000_001_030_UA_068_T,4.32,171.36,-74.472,11.316,1,30,68.0,UA,45,16.0
000_001_030_UA_068_B,4.32,171.36,-74.472,11.316,1,30,68.0,UA,135,16.0
000_001_030_UA_089_T,4.32,171.36,-74.472,11.316,1,30,89.0,UA,45,16.0
000_001_030_UA_089_B,4.32,171.36,-74.472,11.316,1,30,89.0,UA,135,16.0
000_001_030_UA_119_T,4.32,171.36,-74.472,11.316,1,30,119.0,UA,45,16.0
000_001_030_UA_119_B,4.32,171.36,-74.472,11.316,1,30,119.0,UA,135,16.0
000_001_031_UB_068_T,3.58,169.92,-61.478,10.929,1,31,68.0,UB,45,16.0
000_001_031_UB_068_B,3.58,169.92,-61.478,10.929,1,31,68.0,UB,135,16.0
000_001_031_UB_089_T,3.58,169.92,-61.478,10.929,1,31,89.0,UB,45,16.0
000_001_031_UB_089_B,3.58,169.92,-61.478,10.929,1,31,89.0,UB,135,16.0
000_001_031_UB_119_T,3.58,169.92,-61.478,10.929,1,31,119.0,UB,45,16.0
000_001_031_UB_119_B,3.58,169.92,-61.478,10.929,1,31,119.0,UB,135,16.0
000_001_032_QA_068_T,2.86,167.4,-48.694,10.884,1,32,68.0,QA,0,16.0
000_001_032_QA_068_B,2.86,167.4,-48.694,10.884,1,32,68.0,QA,90,16.0
000_001_032_QA_089_T,2.86,167.4,-48.694,10.884,1,32,89.0,QA,0,16.0
000_001_032_QA_089_B,2.86,167.4,-48.694,10.884,1,32,89.0,QA,90,16.0
000_001_032_QA_119_T,2.86,167.4,-48.694,10.884,1,32,119.0,QA,0,16.0
000_001_032_QA_119_B,2.86,167.4,-48.694,10.884,1,32,119.0,QA,90,16.0
000_001_033_QB_068_T,2.14,163.44,-35.793,10.643,1,33,68.0,QB,0,16.0
000_001_033_QB_068_B,2.14,163.44,-35.793,10.643,1,33,68.0,QB,90,16.0
000_001_033_QB_089_T,2.14,163.44,-35.793,10.643,1,33,89.0,QB,0,16.0
000_001_033_QB_089_B,2.14,163.44,-35.793,10.643,1,33,89.0,QB,90,16.0
000_001_033_QB_119_T,2.14,163.44,-35.793,10.643,1,33,119.0,QB,0,16.0
000_001_033_QB_119_B,2.14,163.44,-35.793,10.643,1,33,119.0,QB,90,16.0
000_001_034_UA_068_T,1.44,155.52,-22.871,10.413,1,34,68.0,UA,45,16.0
000_001_034_UA_068_B,1.44,155.52,-22.871,10.413,1,34,68.0,UA,135,16.0
000_001_034_UA_089_T,1.44,155.52,-22.871,10.413,1,34,89.0,UA,45,16.0
000_001_034_UA_089_B,1.44,155.52,-22.871,10.413,1,34,89.0,UA,135,16.0
000_001_034_UA_119_T,1.44,155.52,-22.871,10.413,1,34,119.0,UA,45,16.0
000_001_034_UA_119_B,1.44,155.52,-22.871,10.413,1,34,119.0,UA,135,16.0
000_001_035_UB_068_T,0.84,133.92,-10.169,10.56,1,35,68.0,UB,45,16.0
000_001_035_UB_068_B,0.84,133.92,-10.169,10.56,1,35,68.0,UB,135,16.0
000_001_035_UB_089_T,0.84,133.92,-10.169,10.56,1,35,89.0,UB,45,16.0
000_001_035_UB_089_B,0.84,133.92,-10.169,10.56,1,35,89.0,UB,135,16.0
000_001_035_UB_119_T,0.84,133.92,-10.169,10.56,1,35,119.0,UB,45,16.0
000_001_035_UB_119_B,0.84,133.92,-10.169,10.56,1,35,119.0,UB,135,16.0
000_002_000_QA_078_T,4.54,82.8,9.921,78.531,2,0,78.0,QA,0,16.0
000_002_000_QA_078_B,4.54,82.8,9.921,78.531,2,0,78.0,QA,90,16.0
000_002_000_QA_100_T,4.54,82.8,9.921,78.531,2,0,100.0,QA,0,16.0
000_002_000_QA_100_B,4.54,82.8,9.921,78.531,2,0,100.0,QA,90,16.0
000_002_000_QA_140_T,4.54,82.8,9.921,78.531,2,0,140.0,QA,0,16.0
000_002_000_QA_140_B,4.54,82.8,9.921,78.531,2,0,140.0,QA,90,16.0
000_002_001_QB_078_T,4.7,73.8,22.86,78.685,2,1,78.0,QB,0,16.0
000_002_001_QB_078_B,4.7,73.8,22.86,78.685,2,1,78.0,QB,90,16.0
000_002_001_QB_100_T,4.7,73.8,22.86,78.685,2,1,100.0,QB,0,16.0
000_002_001_QB_100_B,4.7,73.8,22.86,78.685,2,1,100.0,QB,90,16.0
000_002_001_QB_140_T,4.7,73.8,22.86,78.685,2,1,140.0,QB,0,16.0
000_002_001_QB_140_B,4.7,73.8,22.86,78.685,2,1,140.0,QB,90,16.0
000_002_002_UA_078_T,4.96,65.52,35.827,78.688,2,2,78.0,UA,45,16.0
000_002_002_UA_078_B,4.96,65.52,35.827,78.688,2,2,78.0,UA,135,16.0
000_002_002_UA_100_T,4.96,65.52,35.827,78.688,2,2,100.0,UA,45,16.0
000_002_002_UA_100_B,4.96,65.52,35.827,78.688,2,2,100.0,UA,135,16.0
000_002_002_UA_140_T,4.96,65.52,35.827,78.688,2,2,140.0,UA,45,16.0
000_002_002_UA_140_B,4.96,65.52,35.827,78.688,2,2,140.0,UA,135,16.0
000_002_003_UB_078_T,5.32,58.32,48.693,78.903,2,3,78.0,UB,45,16.0
000_002_003_UB_078_B,5.32,58.32,48.693,78.903,2,3,78.0,UB,135,16.0
000_002_003_UB_100_T,5.32,58.32,48.693,78.903,2,3,100.0,UB,45,16.0
000_002_003_UB_100_B,5.32,58.32,48.693,78.903,2,3,100.0,UB,135,16.0
000_002_003_UB_140_T,5.32,58.32,48.693,78.903,2,3,140.0,UB,45,16.0
000_002_003_UB_140_B,5.32,58.32,48.693,78.903,2,3,140.0,UB,135,16.0
000_002_004_QA_078_T,5.74,52.2,61.3,79.027,2,4,78.0,QA,0,16.0
000_002_004_QA_078_B,5.74,52.2,61.3,79.027,2,4,78.0,QA,90,16.0
000_002_004_QA_100_T,5.74,52.2,61.3,79.027,2,4,100.0,QA,0,16.0
000_002_004_QA_100_B,5.74,52.2,61.3,79.027,2,4,100.0,QA,90,16.0
000_002_004_QA_140_T,5.74,52.2,61.3,79.027,2,4,140.0,QA,0,16.0
000_002_004_QA_140_B,5.74,52.2,61.3,79.027,2,4,140.0,QA,90,16.0
000_002_005_QB_078_T,6.24,46.8,74.406,79.234,2,5,78.0,QB,0,16.0
000_002_005_QB_078_B,6.24,46.8,74.406,79.234,2,5,78.0,QB,90,16.0
000_002_005_QB_100_T,6.24,46.8,74.406,79.234,2,5,100.0,QB,0,16.0
000_002_005_QB_100_B,6.24,46.8,74.406,79.234,2,5,100.0,QB,90,16.0
000_002_005_QB_140_T,6.24,46.8,74.406,79.234,2,5,140.0,QB,0,16.0
000_002_005_QB_140_B,6.24,46.8,74.406,79.234,2,5,140.0,QB,90,16.0
000_002_006_UA_078_T,3.76,81.36,9.851,64.833,2,6,78.0,UA,45,16.0
000_002_006_UA_078_B,3.76,81.36,9.851,64.833,2,6,78.0,UA,135,16.0
000_002_006_UA_100_T,3.76,81.36,9.851,64.833,2,6,100.0,UA,45,16.0
000_002_006_UA_100_B,3.76,81.36,9.851,64.833,2,6,100.0,UA,135,16.0
000_002_006_UA_140_T,3.76,81.36,9.851,64.833,2,6,140.0,UA,45,16.0
000_002_006_UA_140_B,3.76,81.36,9.851,64.833,2,6,140.0,UA,135,16.0
000_002_007_UB_078_T,3.96,70.56,22.985,65.123,2,7,78.0,UB,45,16.0
000_002_007_UB_078_B,3.96,70.56,22.985,65.123,2,7,78.0,UB,135,16.0
000_002_007_UB_100_T,3.96,70.56,22.985,65.123,2,7,100.0,UB,45,16.0
000_002_007_UB_100_B,3.96,70.56,22.985,65.123,2,7,100.0,UB,135,16.0
000_002_007_UB_140_T,3.96,70.56,22.985,65.123,2,7,140.0,UB,45,16.0
000_002_007_UB_140_B,3.96,70.56,22.985,65.123,2,7,140.0,UB,135,16.0
000_002_008_QA_078_T,4.26,61.2,35.786,65.094,2,8,78.0,QA,0,16.0
000_002_008_QA_078_B,4.26,61.2,35.786,65.094,2,8,78.0,QA,90,16.0
000_002_008_QA_100_T,4.26,61.2,35.786,65.094,2,8,100.0,QA,0,16.0
000_002_008_QA_100_B,4.26,61.2,35.786,65.094,2,8,100.0,QA,90,16.0
000_002_008_QA_140_T,4.26,61.2,35.786,65.094,2,8,140.0,QA,0,16.0
000_002_008_QA_140_B,4.26,61.2,35.786,65.094,2,8,140.0,QA,90,16.0
000_002_009_QB_078_T,4.66,53.28,48.575,65.121,2,9,78.0,QB,0,16.0
000_002_009_QB_078_B,4.66,53.28,48.575,65.121,2,9,78.0,QB,90,16.0
000_002_009_QB_100_T,4.66,53.28,48.575,65.121,2,9,100.0,QB,0,16.0
000_002_009_QB_100_B,4.66,53.28,48.575,65.121,2,9,100.0,QB,90,16.0
000_002_009_QB_140_T,4.66,53.28,48.575,65.121,2,9,140.0,QB,0,16.0
000_002_009_QB_140_B,4.66,53.28,48.575,65.121,2,9,140.0,QB,90,16.0
000_002_010_UA_078_T,5.14,46.8,61.328,65.308,2,10,78.0,UA,45,16.0
000_002_010_UA_078_B,5.14,46.8,61.328,65.308,2,10,78.0,UA,135,16.0
000_002_010_UA_100_T,5.14,46.8,61.328,65.308,2,10,100.0,UA,45,16.0
000_002_010_UA_100_B,5.14,46.8,61.328,65.308,2,10,100.0,UA,135,16.0
000_002_010_UA_140_T,5.14,46.8,61.328,65.308,2,10,140.0,UA,45,16.0
000_002_010_UA_140_B,5.14,46.8,61.328,65.308,2,10,140.0,UA,135,16.0
000_002_011_UB_078_T,5.68,41.4,74.24,65.452,2,11,78.0,UB,45,16.0
000_002_011_UB_078_B,5.68,41.4,74.24,65.452,2,11,78.0,UB,135,16.0
000_002_011_UB_100_T,5.68,41.4,74.24,65.452,2,11,100.0,UB,45,16.0
000_002_011_UB_100_B,5.68,41.4,74.24,65.452,2,11,100.0,UB,135,16.0
000_002_011_UB_140_T,5.68,41.4,74.24,65.452,2,11,140.0,UB,45,16.0
000_002_011_UB_140_B,5.68,41.4,74.24,65.452,2,11,140.0,UB,135,16.0
000_002_012_QA_078_T,3.0,78.84,10.13,51.346,2,12,78.0,QA,0,16.0
000_002_012_QA_078_B,3.0,78.84,10.13,51.346,2,12,78.0,QA,90,16.0
000_002_012_QA_100_T,3.0,78.84,10.13,51.346,2,12,100.0,QA,0,16.0
000_002_012_QA_100_B,3.0,78.84,10.13,51.346,2,12,100.0,QA,90,16.0
000_002_012_QA_140_T,3.0,78.84,10.13,51.346,2,12,140.0,QA,0,16.0
000_002_012_QA_140_B,3.0,78.84,10.13,51.346,2,12,140.0,QA,90,16.0
000_002_013_QB_078_T,3.22,65.88,22.954,51.266,2,13,78.0,QB,0,16.0
000_002_013_QB_078_B,3.22,65.88,22.954,51.266,2,13,78.0,QB,90,16.0
000_002_013_QB_100_T,3.22,65.88,22.954,51.266,2,13,100.0,QB,0,16.0
000_002_013_QB_100_B,3.22,65.88,22.954,51.266,2,13,100.0,QB,90,16.0
000_002_013_QB_140_T,3.22,65.88,22.954,51.266,2,13,140.0,QB,0,16.0
000_002_013_QB_140_B,3.22,65.88,22.954,51.266,2,13,140.0,QB,90,16.0
000_002_014_UA_078_T,3.58,55.08,35.744,51.2,2,14,78.0,UA,45,16.0
000_002_014_UA_078_B,3.58,55.08,35.744,51.2,2,14,78.0,UA,135,16.0
000_002_014_UA_100_T,3.58,55.08,35.744,51.2,2,14,100.0,UA,45,16.0
000_002_014_UA_100_B,3.58,55.08,35.744,51.2,2,14,100.0,UA,135,16.0
000_002_014_UA_140_T,3.58,55.08,35.744,51.2,2,14,140.0,UA,45,16.0
000_002_014_UA_140_B,3.58,55.08,35.744,51.2,2,14,140.0,UA,135,16.0
000_002_015_UB_078_T,4.06,46.8,48.467,51.612,2,15,78.0,UB,45,16.0
000_002_015_UB_078_B,4.06,46.8,48.467,51.612,2,15,78.0,UB,135,16.0
000_002_015_UB_100_T,4.06,46.8,48.467,51.612,2,15,100.0,UB,45,16.0
000_002_015_UB_100_B,4.06,46.8,48.467,51.612,2,15,100.0,UB,135,16.0
000_002_015_UB_140_T,4.06,46.8,48.467,51.612,2,15,140.0,UB,45,16.0
000_002_015_UB_140_B,4.06,46.8,48.467,51.612,2,15,140.0,UB,135,16.0
000_002_016_QA_078_T,4.6,39.96,61.472,51.508,2,16,78.0,QA,0,16.0
000_002_016_QA_078_B,4.6,39.96,61.472,51.508,2,16,78.0,QA,90,16.0
000_002_016_QA_100_T,4.6,39.96,61.472,51.508,2,16,100.0,QA,0,16.0
000_002_016_QA_100_B,4.6,39.96,61.472,51.508,2,16,100.0,QA,90,16.0
000_002_016_QA_140_T,4.6,39.96,61.472,51.508,2,16,140.0,QA,0,16.0
000_002_016_QA_140_B,4.6,39.96,61.472,51.508,2,16,140.0,QA,90,16.0
000_002_017_QB_078_T,5.2,34.92,74.314,51.881,2,17,78.0,QB,0,16.0
000_002_017_QB_078_B,5.2,34.92,74.314,51.881,2,17,78.0,QB,90,16.0
000_002_017_QB_100_T,5.2,34.92,74.314,51.881,2,17,100.0,QB,0,16.0
000_002_017_QB_100_B,5.2,34.92,74.314,51.881,2,17,100.0,QB,90,16.0
000_002_017_QB_140_T,5.2,34.92,74.314,51.881,2,17,140.0,QB,0,16.0
000_002_017_QB_140_B,5.2,34.92,74.314,51.881,2,17,140.0,QB,90,16.0
000_002_018_UA_068_T,2.24,74.88,10.195,37.732,2,18,68.0,UA,45,16.0
000_002_018_UA_068_B,2.24,74.88,10.195,37.732,2,18,68.0,UA,135,16.0
000_002_018_UA_089_T,2.24,74.88,10.195,37.732,2,18,89.0,UA,45,16.0
000_002_018_UA_089_B,2.24,74.88,10.195,37.732,2,18,89.0,UA,135,16.0
000_002_018_UA_119_T,2.24,74.88,10.195,37.732,2,18,119.0,UA,45,16.0
000_002_018_UA_119_B,2.24,74.88,10.195,37.732,2,18,119.0,UA,135,16.0
000_002_019_UB_068_T,2.52,58.68,22.855,37.561,2,19,68.0,UB,45,16.0
000_002_019_UB_068_B,2.52,58.68,22.855,37.561,2,19,68.0,UB,135,16.0
000_002_019_UB_089_T,2.52,58.68,22.855,37.561,2,19,89.0,UB,45,16.0
000_002_019_UB_089_B,2.52,58.68,22.855,37.561,2,19,89.0,UB,135,16.0
000_002_019_UB_119_T,2.52,58.68,22.855,37.561,2,19,119.0,UB,45,16.0
000_002_019_UB_119_B,2.52,58.68,22.855,37.561,2,19,119.0,UB,135,16.0
000_002_020_QA_068_T,2.98,46.44,35.825,37.673,2,20,68.0,QA,0,16.0
000_002_020_QA_068_B,2.98,46.44,35.825,37.673,2,20,68.0,QA,90,16.0
000_002_020_QA_089_T,2.98,46.44,35.825,37.673,2,20,89.0,QA,0,16.0
000_002_020_QA_089_B,2.98,46.44,35.825,37.673,2,20,89.0,QA,90,16.0
000_002_020_QA_119_T,2.98,46.44,35.825,37.673,2,20,119.0,QA,0,16.0
000_002_020_QA_119_B,2.98,46.44,35.825,37.673,2,20,119.0,QA,90,16.0
000_002_021_QB_068_T,3.54,37.8,48.788,37.844,2,21,68.0,QB,0,16.0
000_002_021_QB_068_B,3.54,37.8,48.788,37.844,2,21,68.0,QB,90,16.0
000_002_021_QB_089_T,3.54,37.8,48.788,37.844,2,21,89.0,QB,0,16.0
000_002_021_QB_089_B,3.54,37.8,48.788,37.844,2,21,89.0,QB,90,16.0
000_002_021_QB_119_T,3.54,37.8,48.788,37.844,2,21,119.0,QB,0,16.0
000_002_021_QB_119_B,3.54,37.8,48.788,37.844,2,21,119.0,QB,90,16.0
000_002_022_UA_068_T,4.14,31.68,61.437,37.914,2,22,68.0,UA,45,16.0
000_002_022_UA_068_B,4.14,31.68,61.437,37.914,2,22,68.0,UA,135,16.0
000_002_022_UA_089_T,4.14,31.68,61.437,37.914,2,22,89.0,UA,45,16.0
000_002_022_UA_089_B,4.14,31.68,61.437,37.914,2,22,89.0,UA,135,16.0
000_002_022_UA_119_T,4.14,31.68,61.437,37.914,2,22,119.0,UA,45,16.0
000_002_022_UA_119_B,4.14,31.68,61.437,37.914,2,22,119.0,UA,135,16.0
000_002_023_UB_068_T,4.8,27.36,74.317,38.457,2,23,68.0,UB,45,16.0
000_002_023_UB_068_B,4.8,27.36,74.317,38.457,2,23,68.0,UB,135,16.0
000_002_023_UB_089_T,4.8,27.36,74.317,38.457,2,23,89.0,UB,45,16.0
000_002_023_UB_089_B,4.8,27.36,74.317,38.457,2,23,89.0,UB,135,16.0
000_002_023_UB_119_T,4.8,27.36,74.317,38.457,2,23,119.0,UB,45,16.0
000_002_023_UB_119_B,4.8,27.36,74.317,38.457,2,23,119.0,UB,135,16.0
000_002_024_QA_068_T,1.5,67.32,10.093,24.153,2,24,68.0,QA,0,16.0
000_002_024_QA_068_B,1.5,67.32,10.093,24.153,2,24,68.0,QA,90,16.0
000_002_024_QA_089_T,1.5,67.32,10.093,24.153,2,24,89.0,QA,0,16.0
000_002_024_QA_089_B,1.5,67.32,10.093,24.153,2,24,89.0,QA,90,16.0
000_002_024_QA_119_T,1.5,67.32,10.093,24.153,2,24,119.0,QA,0,16.0
000_002_024_QA_119_B,1.5,67.32,10.093,24.153,2,24,119.0,QA,90,16.0
000_002_025_QB_068_T,1.9,46.44,22.848,24.026,2,25,68.0,QB,0,16.0
000_002_025_QB_068_B,1.9,46.44,22.848,24.026,2,25,68.0,QB,90,16.0
000_002_025_QB_089_T,1.9,46.44,22.848,24.026,2,25,89.0,QB,0,16.0
000_002_025_QB_089_B,1.9,46.44,22.848,24.026,2,25,89.0,QB,90,16.0
000_002_025_QB_119_T,1.9,46.44,22.848,24.026,2,25,119.0,QB,0,16.0
000_002_025_QB_119_B,1.9,46.44,22.848,24.026,2,25,119.0,QB,90,16.0
000_002_026_UA_068_T,2.48,34.2,35.788,24.322,2,26,68.0,UA,45,16.0
000_002_026_UA_068_B,2.48,34.2,35.788,24.322,2,26,68.0,UA,135,16.0
000_002_026_UA_089_T,2.48,34.2,35.788,24.322,2,26,89.0,UA,45,16.0
000_002_026_UA_089_B,2.48,34.2,35.788,24.322,2,26,89.0,UA,135,16.0
000_002_026_UA_119_T,2.48,34.2,35.788,24.322,2,26,119.0,UA,45,16.0
000_002_026_UA_119_B,2.48,34.2,35.788,24.322,2,26,119.0,UA,135,16.0
000_002_027_UB_068_T,3.12,26.64,48.649,24.404,2,27,68.0,UB,45,16.0
000_002_027_UB_068_B,3.12,26.64,48.649,24.404,2,27,68.0,UB,135,16.0
000_002_027_UB_089_T,3.12,26.64,48.649,24.404,2,27,89.0,UB,45,16.0
000_002_027_UB_089_B,3.12,26.64,48.649,24.404,2,27,89.0,UB,135,16.0
000_002_027_UB_119_T,3.12,26.64,48.649,24.404,2,27,119.0,UB,45,16.0
000_002_027_UB_119_B,3.12,26.64,48.649,24.404,2,27,119.0,UB,135,16.0
000_002_028_QA_068_T,3.8,21.6,61.62,24.397,2,28,68.0,QA,0,16.0
000_002_028_QA_068_B,3.8,21.6,61.62,24.397,2,28,68.0,QA,90,16.0
000_002_028_QA_089_T,3.8,21.6,61.62,24.397,2,28,89.0,QA,0,16.0
000_002_028_QA_089_B,3.8,21.6,61.62,24.397,2,28,89.0,QA,90,16.0
000_002_028_QA_119_T,3.8,21.6,61.62,24.397,2,28,119.0,QA,0,16.0
000_002_028_QA_119_B,3.8,21.6,61.62,24.397,2,28,119.0,QA,90,16.0
000_002_029_QB_068_T,4.5,18.36,74.465,24.714,2,29,68.0,QB,0,16.0
000_002_029_QB_068_B,4.5,18.36,74.465,24.714,2,29,68.0,QB,90,16.0
000_002_029_QB_089_T,4.5,18.36,74.465,24.714,2,29,89.0,QB,0,16.0
000_002_029_QB_089_B,4.5,18.36,74.465,24.714,2,29,89.0,QB,90,16.0
000_002_029_QB_119_T,4.5,18.36,74.465,24.714,2,29,119.0,QB,0,16.0
000_002_029_QB_119_B,4.5,18.36,74.465,24.714,2,29,119.0,QB,90,16.0
000_002_030_UA_068_T,0.84,46.08,10.169,10.56,2,30,68.0,UA,45,16.0
000_002_030_UA_068_B,0.84,46.08,10.169,10.56,2,30,68.0,UA,135,16.0
000_002_030_UA_089_T,0.84,46.08,10.169,10.56,2,30,89.0,UA,45,16.0
000_002_030_UA_089_B,0.84,46.08,10.169,10.56,2,30,89.0,UA,135,16.0
000_002_030_UA_119_T,0.84,46.08,10.169,10.56,2,30,119.0,UA,45,16.0
000_002_030_UA_119_B,0.84,46.08,10.169,10.56,2,30,119.0,UA,135,16.0
000_002_031_UB_068_T,1.44,24.48,22.871,10.413,2,31,68.0,UB,45,16.0
000_002_031_UB_068_B,1.44,24.48,22.871,10.413,2,31,68.0,UB,135,16.0
000_002_031_UB_089_T,1.44,24.48,22.871,10.413,2,31,89.0,UB,45,16.0
000_002_031_UB_089_B,1.44,24.48,22.871,10.413,2,31,89.0,UB,135,16.0
000_002_031_UB_119_T,1.44,24.48,22.871,10.413,2,31,119.0,UB,45,16.0
000_002_031_UB_119_B,1.44,24.48,22.871,10.413,2,31,119.0,UB,135,16.0
000_002_032_QA_068_T,2.14,16.56,35.793,10.643,2,32,68.0,QA,0,16.0
000_002_032_QA_068_B,2.14,16.56,35.793,10.643,2,32,68.0,QA,90,16.0
000_002_032_QA_089_T,2.14,16.56,35.793,10.643,2,32,89.0,QA,0,16.0
000_002_032_QA_089_B,2.14,16.56,35.793,10.643,2,32,89.0,QA,90,16.0
000_002_032_QA_119_T,2.14,16.56,35.793,10.643,2,32,119.0,QA,0,16.0
000_002_032_QA_119_B,2.14,16.56,35.793,10.643,2,32,119.0,QA,90,16.0
000_002_033_QB_068_T,2.86,12.6,48.694,10.884,2,33,68.0,QB,0,16.0
000_002_033_QB_068_B,2.86,12.6,48.694,10.884,2,33,68.0,QB,90,16.0
000_002_033_QB_089_T,2.86,12.6,48.694,10.884,2,33,89.0,QB,0,16.0
000_002_033_QB_089_B,2.86,12.6,48.694,10.884,2,33,89.0,QB,90,16.0
000_002_033_QB_119_T,2.86,12.6,48.694,10.884,2,33,119.0,QB,0,16.0
000_002_033_QB_119_B,2.86,12.6,48.694,10.884,2,33,119.0,QB,90,16.0
000_002_034_UA_068_T,3.58,10.08,61.478,10.929,2,34,68.0,UA,45,16.0
000_002_034_UA_068_B,3.58,10.08,61.478,10.929,2,34,68.0,UA,135,16.0
000_002_034_UA_089_T,3.58,10.08,61.478,10.929,2,34,89.0,UA,45,16.0
000_002_034_UA_089_B,3.58,10.08,61.478,10.929,2,34,89.0,UA,135,16.0
000_002_034_UA_119_T,3.58,10.08,61.478,10.929,2,34,119.0,UA,45,16.0
000_002_034_UA_119_B,3.58,10.08,61.478,10.929,2,34,119.0,UA,135,16.0
000_002_035_UB_068_T,4.32,8.64,74.472,11.316,2,35,68.0,UB,45,16.0
000_002_035_UB_068_B,4.32,8.64,74.472,11.316,2,35,68.0,UB,135,16.0
000_002_035_UB_089_T,4.32,8.64,74.472,11.316,2,35,89.0,UB,45,16.0
000_002_035_UB_089_B,4.32,8.64,74.472,11.316,2,35,89.0,UB,135,16.0
000_002_035_UB_119_T,4.32,8.64,74.472,11.316,2,35,119.0,UB,45,16.0
000_002_035_UB_119_B,4.32,8.64,74.472,11.316,2,35,119.0,UB,135,16.0
000_003_000_UB_050_T,7.14,36.0,100.556,73.058,3,0,50.0,UB,45,32.0
000_003_000_UB_050_B,7.14,36.0,100.556,73.058,3,0,50.0,UB,135,32.0
000_003_000_UB_068_T,7.14,36.0,100.556,73.058,3,0,68.0,UB,45,32.0
000_003_000_UB_068_B,7.14,36.0,100.556,73.058,3,0,68.0,UB,135,32.0
000_003_000_UB_089_T,7.14,36.0,100.556,73.058,3,0,89.0,UB,45,32.0
000_003_000_UB_089_B,7.14,36.0,100.556,73.058,3,0,89.0,UB,135,32.0
000_003_001_UA_050_T,8.42,30.4,126.296,74.098,3,1,50.0,UA,45,32.0
000_003_001_UA_050_B,8.42,30.4,126.296,74.098,3,1,50.0,UA,135,32.0
000_003_001_UA_068_T,8.42,30.4,126.296,74.098,3,1,68.0,UA,45,32.0
000_003_001_UA_068_B,8.42,30.4,126.296,74.098,3,1,68.0,UA,135,32.0
000_003_001_UA_089_T,8.42,30.4,126.296,74.098,3,1,89.0,UA,45,32.0
000_003_001_UA_089_B,8.42,30.4,126.296,74.098,3,1,89.0,UA,135,32.0
000_003_002_QB_050_T,9.74,26.2,151.796,74.693,3,2,50.0,QB,0,32.0
000_003_002_QB_050_B,9.74,26.2,151.796,74.693,3,2,50.0,QB,90,32.0
000_003_002_QB_068_T,9.74,26.2,151.796,74.693,3,2,68.0,QB,0,32.0
000_003_002_QB_068_B,9.74,26.2,151.796,74.693,3,2,68.0,QB,90,32.0
000_003_002_QB_089_T,9.74,26.2,151.796,74.693,3,2,89.0,QB,0,32.0
000_003_002_QB_089_B,9.74,26.2,151.796,74.693,3,2,89.0,QB,90,32.0
000_003_003_UB_040_T,6.36,24.4,100.881,45.762,3,3,40.0,UB,45,32.0
000_003_003_UB_040_B,6.36,24.4,100.881,45.762,3,3,40.0,UB,135,32.0
000_003_003_UB_060_T,6.36,24.4,100.881,45.762,3,3,60.0,UB,45,32.0
000_003_003_UB_060_B,6.36,24.4,100.881,45.762,3,3,60.0,UB,135,32.0
000_003_003_UB_078_T,6.36,24.4,100.881,45.762,3,3,78.0,UB,45,32.0
000_003_003_UB_078_B,6.36,24.4,100.881,45.762,3,3,78.0,UB,135,32.0
000_003_004_UA_040_T,7.74,20.2,126.394,46.504,3,4,40.0,UA,45,32.0
000_003_004_UA_040_B,7.74,20.2,126.394,46.504,3,4,40.0,UA,135,32.0
000_003_004_UA_060_T,7.74,20.2,126.394,46.504,3,4,60.0,UA,45,32.0
000_003_004_UA_060_B,7.74,20.2,126.394,46.504,3,4,60.0,UA,135,32.0
000_003_004_UA_078_T,7.74,20.2,126.394,46.504,3,4,78.0,UA,45,32.0
000_003_004_UA_078_B,7.74,20.2,126.394,46.504,3,4,78.0,UA,135,32.0
000_003_005_QB_040_T,9.16,17.4,151.907,47.605,3,5,40.0,QB,0,32.0
000_003_005_QB_040_B,9.16,17.4,151.907,47.605,3,5,40.0,QB,90,32.0
000_003_005_QB_060_T,9.16,17.4,151.907,47.605,3,5,60.0,QB,0,32.0
000_003_005_QB_060_B,9.16,17.4,151.907,47.605,3,5,60.0,QB,90,32.0
000_003_005_QB_078_T,9.16,17.4,151.907,47.605,3,5,78.0,QB,0,32.0
000_003_005_QB_078_B,9.16,17.4,151.907,47.605,3,5,78.0,QB,90,32.0
000_003_006_QB_040_T,5.88,10.4,100.762,18.493,3,6,40.0,QB,0,32.0
000_003_006_QB_040_B,5.88,10.4,100.762,18.493,3,6,40.0,QB,90,32.0
000_003_006_QB_060_T,5.88,10.4,100.762,18.493,3,6,60.0,QB,0,32.0
000_003_006_QB_060_B,5.88,10.4,100.762,18.493,3,6,60.0,QB,90,32.0
000_003_006_QB_078_T,5.88,10.4,100.762,18.493,3,6,78.0,QB,0,32.0
000_003_006_QB_078_B,5.88,10.4,100.762,18.493,3,6,78.0,QB,90,32.0
000_003_007_QA_040_T,7.36,8.6,126.663,19.156,3,7,40.0,QA,0,32.0
000_003_007_QA_040_B,7.36,8.6,126.663,19.156,3,7,40.0,QA,90,32.0
000_003_007_QA_060_T,7.36,8.6,126.663,19.156,3,7,60.0,QA,0,32.0
000_003_007_QA_060_B,7.36,8.6,126.663,19.156,3,7,60.0,QA,90,32.0
000_003_007_QA_078_T,7.36,8.6,126.663,19.156,3,7,78.0,QA,0,32.0
000_003_007_QA_078_B,7.36,8.6,126.663,19.156,3,7,78.0,QA,90,32.0
000_003_008_QB_040_T,8.82,7.6,151.984,20.279,3,8,40.0,QB,0,32.0
000_003_008_QB_040_B,8.82,7.6,151.984,20.279,3,8,40.0,QB,90,32.0
000_003_008_QB_060_T,8.82,7.6,151.984,20.279,3,8,60.0,QB,0,32.0
000_003_008_QB_060_B,8.82,7.6,151.984,20.279,3,8,60.0,QB,90,32.0
000_003_008_QB_078_T,8.82,7.6,151.984,20.279,3,8,78.0,QB,0,32.0
000_003_008_QB_078_B,8.82,7.6,151.984,20.279,3,8,78.0,QB,90,32.0
000_004_000_UA_040_T,8.8,185.6,-152.256,-14.929,4,0,40.0,UA,45,32.0
000_004_000_UA_040_B,8.8,185.6,-152.256,-14.929,4,0,40.0,UA,135,32.0
000_004_000_UA_060_T,8.8,185.6,-152.256,-14.929,4,0,60.0,UA,45,32.0
000_004_000_UA_060_B,8.8,185.6,-152.256,-14.929,4,0,60.0,UA,135,32.0
000_004_000_UA_078_T,8.8,185.6,-152.256,-14.929,4,0,78.0,UA,45,32.0
000_004_000_UA_078_B,8.8,185.6,-152.256,-14.929,4,0,78.0,UA,135,32.0
000_004_001_UB_040_T,7.32,187.0,-126.461,-15.527,4,1,40.0,UB,45,32.0
000_004_001_UB_040_B,7.32,187.0,-126.461,-15.527,4,1,40.0,UB,135,32.0
000_004_001_UB_060_T,7.32,187.0,-126.461,-15.527,4,1,60.0,UB,45,32.0
000_004_001_UB_060_B,7.32,187.0,-126.461,-15.527,4,1,60.0,UB,135,32.0
000_004_001_UB_078_T,7.32,187.0,-126.461,-15.527,4,1,78.0,UB,45,32.0
000_004_001_UB_078_B,7.32,187.0,-126.461,-15.527,4,1,78.0,UB,135,32.0
000_004_002_UA_040_T,5.86,189.2,-100.785,-16.324,4,2,40.0,UA,45,32.0
000_004_002_UA_040_B,5.86,189.2,-100.785,-16.324,4,2,40.0,UA,135,32.0
000_004_002_UA_060_T,5.86,189.2,-100.785,-16.324,4,2,60.0,UA,45,32.0
000_004_002_UA_060_B,5.86,189.2,-100.785,-16.324,4,2,60.0,UA,135,32.0
000_004_002_UA_078_T,5.86,189.2,-100.785,-16.324,4,2,78.0,UA,45,32.0
000_004_002_UA_078_B,5.86,189.2,-100.785,-16.324,4,2,78.0,UA,135,32.0
000_004_003_UA_040_T,9.08,195.2,-152.293,-41.377,4,3,40.0,UA,45,32.0
000_004_003_UA_040_B,9.08,195.2,-152.293,-41.377,4,3,40.0,UA,135,32.0
000_004_003_UA_060_T,9.08,195.2,-152.293,-41.377,4,3,60.0,UA,45,32.0
000_004_003_UA_060_B,9.08,195.2,-152.293,-41.377,4,3,60.0,UA,135,32.0
000_004_003_UA_078_T,9.08,195.2,-152.293,-41.377,4,3,78.0,UA,45,32.0
000_004_003_UA_078_B,9.08,195.2,-152.293,-41.377,4,3,78.0,UA,135,32.0
000_004_004_QB_040_T,7.68,198.6,-126.66,-42.626,4,4,40.0,QB,0,32.0
000_004_004_QB_040_B,7.68,198.6,-126.66,-42.626,4,4,40.0,QB,90,32.0
000_004_004_QB_060_T,7.68,198.6,-126.66,-42.626,4,4,60.0,QB,0,32.0
000_004_004_QB_060_B,7.68,198.6,-126.66,-42.626,4,4,60.0,QB,90,32.0
000_004_004_QB_078_T,7.68,198.6,-126.66,-42.626,4,4,78.0,QB,0,32.0
000_004_004_QB_078_B,7.68,198.6,-126.66,-42.626,4,4,78.0,QB,90,32.0
000_004_005_QA_040_T,6.3,203.0,-101.011,-42.877,4,5,40.0,QA,0,32.0
000_004_005_QA_040_B,6.3,203.0,-101.011,-42.877,4,5,40.0,QA,90,32.0
000_004_005_QA_060_T,6.3,203.0,-101.011,-42.877,4,5,60.0,QA,0,32.0
000_004_005_QA_060_B,6.3,203.0,-101.011,-42.877,4,5,60.0,QA,90,32.0
000_004_005_QA_078_T,6.3,203.0,-101.011,-42.877,4,5,78.0,QA,0,32.0
000_004_005_QA_078_B,6.3,203.0,-101.011,-42.877,4,5,78.0,QA,90,32.0
000_004_006_UA_050_T,9.6,204.2,-152.113,-68.362,4,6,50.0,UA,45,32.0
000_004_006_UA_050_B,9.6,204.2,-152.113,-68.362,4,6,50.0,UA,135,32.0
000_004_006_UA_068_T,9.6,204.2,-152.113,-68.362,4,6,68.0,UA,45,32.0
000_004_006_UA_068_B,9.6,204.2,-152.113,-68.362,4,6,68.0,UA,135,32.0
000_004_006_UA_089_T,9.6,204.2,-152.113,-68.362,4,6,89.0,UA,45,32.0
000_004_006_UA_089_B,9.6,204.2,-152.113,-68.362,4,6,89.0,UA,135,32.0
000_004_007_QB_050_T,8.3,208.6,-126.742,-69.102,4,7,50.0,QB,0,32.0
000_004_007_QB_050_B,8.3,208.6,-126.742,-69.102,4,7,50.0,QB,90,32.0
000_004_007_QB_068_T,8.3,208.6,-126.742,-69.102,4,7,68.0,QB,0,32.0
000_004_007_QB_068_B,8.3,208.6,-126.742,-69.102,4,7,68.0,QB,90,32.0
000_004_007_QB_089_T,8.3,208.6,-126.742,-69.102,4,7,89.0,QB,0,32.0
000_004_007_QB_089_B,8.3,208.6,-126.742,-69.102,4,7,89.0,QB,90,32.0
000_004_008_QA_050_T,7.04,214.6,-100.885,-69.596,4,8,50.0,QA,0,32.0
000_004_008_QA_050_B,7.04,214.6,-100.885,-69.596,4,8,50.0,QA,90,32.0
000_004_008_QA_068_T,7.04,214.6,-100.885,-69.596,4,8,68.0,QA,0,32.0
000_004_008_QA_068_B,7.04,214.6,-100.885,-69.596,4,8,68.0,QA,90,32.0
000_004_008_QA_089_T,7.04,214.6,-100.885,-69.596,4,8,89.0,QA,0,32.0
000_004_008_QA_089_B,7.04,214.6,-100.885,-69.596,4,8,89.0,QA,90,32.0
000_005_000_UB_068_T,4.3,187.56,-74.327,-9.865,5,0,68.0,UB,45,16.0
000_005_000_UB_068_B,4.3,187.56,-74.327,-9.865,5,0,68.0,UB,135,16.0
000_005_000_UB_089_T,4.3,187.56,-74.327,-9.865,5,0,89.0,UB,45,16.0
000_005_000_UB_089_B,4.3,187.56,-74.327,-9.865,5,0,89.0,UB,135,16.0
000_005_000_UB_119_T,4.3,187.56,-74.327,-9.865,5,0,119.0,UB,45,16.0
000_005_000_UB_119_B,4.3,187.56,-74.327,-9.865,5,0,119.0,UB,135,16.0
000_005_001_UA_068_T,3.58,189.36,-61.611,-10.155,5,1,68.0,UA,45,16.0
000_005_001_UA_068_B,3.58,189.36,-61.611,-10.155,5,1,68.0,UA,135,16.0
000_005_001_UA_089_T,3.58,189.36,-61.611,-10.155,5,1,89.0,UA,45,16.0
000_005_001_UA_089_B,3.58,189.36,-61.611,-10.155,5,1,89.0,UA,135,16.0
000_005_001_UA_119_T,3.58,189.36,-61.611,-10.155,5,1,119.0,UA,45,16.0
000_005_001_UA_119_B,3.58,189.36,-61.611,-10.155,5,1,119.0,UA,135,16.0
000_005_002_QB_068_T,2.86,191.88,-48.827,-10.272,5,2,68.0,QB,0,16.0
000_005_002_QB_068_B,2.86,191.88,-48.827,-10.272,5,2,68.0,QB,90,16.0
000_005_002_QB_089_T,2.86,191.88,-48.827,-10.272,5,2,89.0,QB,0,16.0
000_005_002_QB_089_B,2.86,191.88,-48.827,-10.272,5,2,89.0,QB,90,16.0
000_005_002_QB_119_T,2.86,191.88,-48.827,-10.272,5,2,119.0,QB,0,16.0
000_005_002_QB_119_B,2.86,191.88,-48.827,-10.272,5,2,119.0,QB,90,16.0
000_005_003_QA_068_T,2.14,196.2,-35.859,-10.418,5,3,68.0,QA,0,16.0
000_005_003_QA_068_B,2.14,196.2,-35.859,-10.418,5,3,68.0,QA,90,16.0
000_005_003_QA_089_T,2.14,196.2,-35.859,-10.418,5,3,89.0,QA,0,16.0
000_005_003_QA_089_B,2.14,196.2,-35.859,-10.418,5,3,89.0,QA,90,16.0
000_005_003_QA_119_T,2.14,196.2,-35.859,-10.418,5,3,119.0,QA,0,16.0
000_005_003_QA_119_B,2.14,196.2,-35.859,-10.418,5,3,119.0,QA,90,16.0
000_005_004_UB_068_T,1.44,204.48,-22.871,-10.413,5,4,68.0,UB,45,16.0
000_005_004_UB_068_B,1.44,204.48,-22.871,-10.413,5,4,68.0,UB,135,16.0
000_005_004_UB_089_T,1.44,204.48,-22.871,-10.413,5,4,89.0,UB,45,16.0
000_005_004_UB_089_B,1.44,204.48,-22.871,-10.413,5,4,89.0,UB,135,16.0
000_005_004_UB_119_T,1.44,204.48,-22.871,-10.413,5,4,119.0,UB,45,16.0
000_005_004_UB_119_B,1.44,204.48,-22.871,-10.413,5,4,119.0,UB,135,16.0
000_005_005_UA_068_T,0.84,226.44,-10.103,-10.624,5,5,68.0,UA,45,16.0
000_005_005_UA_068_B,0.84,226.44,-10.103,-10.624,5,5,68.0,UA,135,16.0
000_005_005_UA_089_T,0.84,226.44,-10.103,-10.624,5,5,89.0,UA,45,16.0
000_005_005_UA_089_B,0.84,226.44,-10.103,-10.624,5,5,89.0,UA,135,16.0
000_005_005_UA_119_T,0.84,226.44,-10.103,-10.624,5,5,119.0,UA,45,16.0
000_005_005_UA_119_B,0.84,226.44,-10.103,-10.624,5,5,119.0,UA,135,16.0
000_005_006_QB_068_T,4.48,197.28,-74.586,-23.202,5,6,68.0,QB,0,16.0
000_005_006_QB_068_B,4.48,197.28,-74.586,-23.202,5,6,68.0,QB,90,16.0
000_005_006_QB_089_T,4.48,197.28,-74.586,-23.202,5,6,89.0,QB,0,16.0
000_005_006_QB_089_B,4.48,197.28,-74.586,-23.202,5,6,89.0,QB,90,16.0
000_005_006_QB_119_T,4.48,197.28,-74.586,-23.202,5,6,119.0,QB,0,16.0
000_005_006_QB_119_B,4.48,197.28,-74.586,-23.202,5,6,119.0,QB,90,16.0
000_005_007_QA_068_T,3.78,200.88,-61.596,-23.497,5,7,68.0,QA,0,16.0
000_005_007_QA_068_B,3.78,200.88,-61.596,-23.497,5,7,68.0,QA,90,16.0
000_005_007_QA_089_T,3.78,200.88,-61.596,-23.497,5,7,89.0,QA,0,16.0
000_005_007_QA_089_B,3.78,200.88,-61.596,-23.497,5,7,89.0,QA,90,16.0
000_005_007_QA_119_T,3.78,200.88,-61.596,-23.497,5,7,119.0,QA,0,16.0
000_005_007_QA_119_B,3.78,200.88,-61.596,-23.497,5,7,119.0,QA,90,16.0
000_005_008_UB_068_T,3.1,205.92,-48.639,-23.639,5,8,68.0,UB,45,16.0
000_005_008_UB_068_B,3.1,205.92,-48.639,-23.639,5,8,68.0,UB,135,16.0
000_005_008_UB_089_T,3.1,205.92,-48.639,-23.639,5,8,89.0,UB,45,16.0
000_005_008_UB_089_B,3.1,205.92,-48.639,-23.639,5,8,89.0,UB,135,16.0
000_005_008_UB_119_T,3.1,205.92,-48.639,-23.639,5,8,119.0,UB,45,16.0
000_005_008_UB_119_B,3.1,205.92,-48.639,-23.639,5,8,119.0,UB,135,16.0
000_005_009_UA_068_T,2.46,213.84,-35.651,-23.902,5,9,68.0,UA,45,16.0
000_005_009_UA_068_B,2.46,213.84,-35.651,-23.902,5,9,68.0,UA,135,16.0
000_005_009_UA_089_T,2.46,213.84,-35.651,-23.902,5,9,89.0,UA,45,16.0
000_005_009_UA_089_B,2.46,213.84,-35.651,-23.902,5,9,89.0,UA,135,16.0
000_005_009_UA_119_T,2.46,213.84,-35.651,-23.902,5,9,119.0,UA,45,16.0
000_005_009_UA_119_B,2.46,213.84,-35.651,-23.902,5,9,119.0,UA,135,16.0
000_005_010_QB_068_T,1.9,226.08,-22.998,-23.882,5,10,68.0,QB,0,16.0
000_005_010_QB_068_B,1.9,226.08,-22.998,-23.882,5,10,68.0,QB,90,16.0
000_005_010_QB_089_T,1.9,226.08,-22.998,-23.882,5,10,89.0,QB,0,16.0
000_005_010_QB_089_B,1.9,226.08,-22.998,-23.882,5,10,89.0,QB,90,16.0
000_005_010_QB_119_T,1.9,226.08,-22.998,-23.882,5,10,119.0,QB,0,16.0
000_005_010_QB_119_B,1.9,226.08,-22.998,-23.882,5,10,119.0,QB,90,16.0
000_005_011_QA_068_T,1.5,247.32,-10.093,-24.153,5,11,68.0,QA,0,16.0
000_005_011_QA_068_B,1.5,247.32,-10.093,-24.153,5,11,68.0,QA,90,16.0
000_005_011_QA_089_T,1.5,247.32,-10.093,-24.153,5,11,89.0,QA,0,16.0
000_005_011_QA_089_B,1.5,247.32,-10.093,-24.153,5,11,89.0,QA,90,16.0
000_005_011_QA_119_T,1.5,247.32,-10.093,-24.153,5,11,119.0,QA,0,16.0
000_005_011_QA_119_B,1.5,247.32,-10.093,-24.153,5,11,119.0,QA,90,16.0
000_005_012_UB_068_T,4.76,206.28,-74.405,-36.741,5,12,68.0,UB,45,16.0
000_005_012_UB_068_B,4.76,206.28,-74.405,-36.741,5,12,68.0,UB,135,16.0
000_005_012_UB_089_T,4.76,206.28,-74.405,-36.741,5,12,89.0,UB,45,16.0
000_005_012_UB_089_B,4.76,206.28,-74.405,-36.741,5,12,89.0,UB,135,16.0
000_005_012_UB_119_T,4.76,206.28,-74.405,-36.741,5,12,119.0,UB,45,16.0
000_005_012_UB_119_B,4.76,206.28,-74.405,-36.741,5,12,119.0,UB,135,16.0
000_005_013_UA_068_T,4.12,210.96,-61.61,-36.96,5,13,68.0,UA,45,16.0
000_005_013_UA_068_B,4.12,210.96,-61.61,-36.96,5,13,68.0,UA,135,16.0
000_005_013_UA_089_T,4.12,210.96,-61.61,-36.96,5,13,89.0,UA,45,16.0
000_005_013_UA_089_B,4.12,210.96,-61.61,-36.96,5,13,89.0,UA,135,16.0
000_005_013_UA_119_T,4.12,210.96,-61.61,-36.96,5,13,119.0,UA,45,16.0
000_005_013_UA_119_B,4.12,210.96,-61.61,-36.96,5,13,119.0,UA,135,16.0
000_005_014_QB_068_T,3.52,217.44,-48.749,-37.325,5,14,68.0,QB,0,16.0
000_005_014_QB_068_B,3.52,217.44,-48.749,-37.325,5,14,68.0,QB,90,16.0
000_005_014_QB_089_T,3.52,217.44,-48.749,-37.325,5,14,89.0,QB,0,16.0
000_005_014_QB_089_B,3.52,217.44,-48.749,-37.325,5,14,89.0,QB,90,16.0
000_005_014_QB_119_T,3.52,217.44,-48.749,-37.325,5,14,119.0,QB,0,16.0
000_005_014_QB_119_B,3.52,217.44,-48.749,-37.325,5,14,119.0,QB,90,16.0
000_005_015_QA_068_T,2.96,226.08,-35.819,-37.196,5,15,68.0,QA,0,16.0
000_005_015_QA_068_B,2.96,226.08,-35.819,-37.196,5,15,68.0,QA,90,16.0
000_005_015_QA_089_T,2.96,226.08,-35.819,-37.196,5,15,89.0,QA,0,16.0
000_005_015_QA_089_B,2.96,226.08,-35.819,-37.196,5,15,89.0,QA,90,16.0
000_005_015_QA_119_T,2.96,226.08,-35.819,-37.196,5,15,119.0,QA,0,16.0
000_005_015_QA_119_B,2.96,226.08,-35.819,-37.196,5,15,119.0,QA,90,16.0
000_005_016_UB_068_T,2.52,238.32,-23.091,-37.417,5,16,68.0,UB,45,16.0
000_005_016_UB_068_B,2.52,238.32,-23.091,-37.417,5,16,68.0,UB,135,16.0
000_005_016_UB_089_T,2.52,238.32,-23.091,-37.417,5,16,89.0,UB,45,16.0
000_005_016_UB_089_B,2.52,238.32,-23.091,-37.417,5,16,89.0,UB,135,16.0
000_005_016_UB_119_T,2.52,238.32,-23.091,-37.417,5,16,119.0,UB,45,16.0
000_005_016_UB_119_B,2.52,238.32,-23.091,-37.417,5,16,119.0,UB,135,16.0
000_005_017_UA_068_T,2.22,254.88,-10.104,-37.396,5,17,68.0,UA,45,16.0
000_005_017_UA_068_B,2.22,254.88,-10.104,-37.396,5,17,68.0,UA,135,16.0
000_005_017_UA_089_T,2.22,254.88,-10.104,-37.396,5,17,89.0,UA,45,16.0
000_005_017_UA_089_B,2.22,254.88,-10.104,-37.396,5,17,89.0,UA,135,16.0
000_005_017_UA_119_T,2.22,254.88,-10.104,-37.396,5,17,119.0,UA,45,16.0
000_005_017_UA_119_B,2.22,254.88,-10.104,-37.396,5,17,119.0,UA,135,16.0
000_005_018_QB_078_T,5.16,213.84,-74.702,-50.084,5,18,78.0,QB,0,16.0
000_005_018_QB_078_B,5.16,213.84,-74.702,-50.084,5,18,78.0,QB,90,16.0
000_005_018_QB_100_T,5.16,213.84,-74.702,-50.084,5,18,100.0,QB,0,16.0
000_005_018_QB_100_B,5.16,213.84,-74.702,-50.084,5,18,100.0,QB,90,16.0
000_005_018_QB_140_T,5.16,213.84,-74.702,-50.084,5,18,140.0,QB,0,16.0
000_005_018_QB_140_B,5.16,213.84,-74.702,-50.084,5,18,140.0,QB,90,16.0
000_005_019_QA_078_T,4.56,219.24,-61.575,-50.291,5,19,78.0,QA,0,16.0
000_005_019_QA_078_B,4.56,219.24,-61.575,-50.291,5,19,78.0,QA,90,16.0
000_005_019_QA_100_T,4.56,219.24,-61.575,-50.291,5,19,100.0,QA,0,16.0
000_005_019_QA_100_B,4.56,219.24,-61.575,-50.291,5,19,100.0,QA,90,16.0
000_005_019_QA_140_T,4.56,219.24,-61.575,-50.291,5,19,140.0,QA,0,16.0
000_005_019_QA_140_B,4.56,219.24,-61.575,-50.291,5,19,140.0,QA,90,16.0
000_005_020_UB_078_T,4.02,226.08,-48.628,-50.497,5,20,78.0,UB,45,16.0
000_005_020_UB_078_B,4.02,226.08,-48.628,-50.497,5,20,78.0,UB,135,16.0
000_005_020_UB_100_T,4.02,226.08,-48.628,-50.497,5,20,100.0,UB,45,16.0
000_005_020_UB_100_B,4.02,226.08,-48.628,-50.497,5,20,100.0,UB,135,16.0
000_005_020_UB_140_T,4.02,226.08,-48.628,-50.497,5,20,140.0,UB,45,16.0
000_005_020_UB_140_B,4.02,226.08,-48.628,-50.497,5,20,140.0,UB,135,16.0
000_005_021_UA_078_T,3.56,234.72,-35.864,-50.69,5,21,78.0,UA,45,16.0
000_005_021_UA_078_B,3.56,234.72,-35.864,-50.69,5,21,78.0,UA,135,16.0
000_005_021_UA_100_T,3.56,234.72,-35.864,-50.69,5,21,100.0,UA,45,16.0
000_005_021_UA_100_B,3.56,234.72,-35.864,-50.69,5,21,100.0,UA,135,16.0
000_005_021_UA_140_T,3.56,234.72,-35.864,-50.69,5,21,140.0,UA,45,16.0
000_005_021_UA_140_B,3.56,234.72,-35.864,-50.69,5,21,140.0,UA,135,16.0
000_005_022_QB_078_T,3.2,245.52,-23.131,-50.803,5,22,78.0,QB,0,16.0
000_005_022_QB_078_B,3.2,245.52,-23.131,-50.803,5,22,78.0,QB,90,16.0
000_005_022_QB_100_T,3.2,245.52,-23.131,-50.803,5,22,100.0,QB,0,16.0
000_005_022_QB_100_B,3.2,245.52,-23.131,-50.803,5,22,100.0,QB,90,16.0
000_005_022_QB_140_T,3.2,245.52,-23.131,-50.803,5,22,140.0,QB,0,16.0
000_005_022_QB_140_B,3.2,245.52,-23.131,-50.803,5,22,140.0,QB,90,16.0
000_005_023_QA_078_T,2.96,258.84,-9.995,-50.662,5,23,78.0,QA,0,16.0
000_005_023_QA_078_B,2.96,258.84,-9.995,-50.662,5,23,78.0,QA,90,16.0
000_005_023_QA_100_T,2.96,258.84,-9.995,-50.662,5,23,100.0,QA,0,16.0
000_005_023_QA_100_B,2.96,258.84,-9.995,-50.662,5,23,100.0,QA,90,16.0
000_005_023_QA_140_T,2.96,258.84,-9.995,-50.662,5,23,140.0,QA,0,16.0
000_005_023_QA_140_B,2.96,258.84,-9.995,-50.662,5,23,140.0,QA,90,16.0
000_005_024_UB_078_T,5.62,220.32,-74.666,-63.366,5,24,78.0,UB,45,16.0
000_005_024_UB_078_B,5.62,220.32,-74.666,-63.366,5,24,78.0,UB,135,16.0
000_005_024_UB_100_T,5.62,220.32,-74.666,-63.366,5,24,100.0,UB,45,16.0
000_005_024_UB_100_B,5.62,220.32,-74.666,-63.366,5,24,100.0,UB,135,16.0
000_005_024_UB_140_T,5.62,220.32,-74.666,-63.366,5,24,140.0,UB,45,16.0
000_005_024_UB_140_B,5.62,220.32,-74.666,-63.366,5,24,140.0,UB,135,16.0
000_005_025_UA_078_T,5.08,226.08,-61.421,-63.781,5,25,78.0,UA,45,16.0
000_005_025_UA_078_B,5.08,226.08,-61.421,-63.781,5,25,78.0,UA,135,16.0
000_005_025_UA_100_T,5.08,226.08,-61.421,-63.781,5,25,100.0,UA,45,16.0
000_005_025_UA_100_B,5.08,226.08,-61.421,-63.781,5,25,100.0,UA,135,16.0
000_005_025_UA_140_T,5.08,226.08,-61.421,-63.781,5,25,140.0,UA,45,16.0
000_005_025_UA_140_B,5.08,226.08,-61.421,-63.781,5,25,140.0,UA,135,16.0
000_005_026_QB_078_T,4.6,232.56,-48.755,-63.677,5,26,78.0,QB,0,16.0
000_005_026_QB_078_B,4.6,232.56,-48.755,-63.677,5,26,78.0,QB,90,16.0
000_005_026_QB_100_T,4.6,232.56,-48.755,-63.677,5,26,100.0,QB,0,16.0
000_005_026_QB_100_B,4.6,232.56,-48.755,-63.677,5,26,100.0,QB,90,16.0
000_005_026_QB_140_T,4.6,232.56,-48.755,-63.677,5,26,140.0,QB,0,16.0
000_005_026_QB_140_B,4.6,232.56,-48.755,-63.677,5,26,140.0,QB,90,16.0
000_005_027_QA_078_T,4.2,240.84,-35.685,-63.956,5,27,78.0,QA,0,16.0
000_005_027_QA_078_B,4.2,240.84,-35.685,-63.956,5,27,78.0,QA,90,16.0
000_005_027_QA_100_T,4.2,240.84,-35.685,-63.956,5,27,100.0,QA,0,16.0
000_005_027_QA_100_B,4.2,240.84,-35.685,-63.956,5,27,100.0,QA,90,16.0
000_005_027_QA_140_T,4.2,240.84,-35.685,-63.956,5,27,140.0,QA,0,16.0
000_005_027_QA_140_B,4.2,240.84,-35.685,-63.956,5,27,140.0,QA,90,16.0
000_005_028_UB_078_T,3.9,250.2,-23.039,-63.994,5,28,78.0,UB,45,16.0
000_005_028_UB_078_B,3.9,250.2,-23.039,-63.994,5,28,78.0,UB,135,16.0
000_005_028_UB_100_T,3.9,250.2,-23.039,-63.994,5,28,100.0,UB,45,16.0
000_005_028_UB_100_B,3.9,250.2,-23.039,-63.994,5,28,100.0,UB,135,16.0
000_005_028_UB_140_T,3.9,250.2,-23.039,-63.994,5,28,140.0,UB,45,16.0
000_005_028_UB_140_B,3.9,250.2,-23.039,-63.994,5,28,140.0,UB,135,16.0
000_005_029_UA_078_T,3.72,261.0,-10.15,-64.082,5,29,78.0,UA,45,16.0
000_005_029_UA_078_B,3.72,261.0,-10.15,-64.082,5,29,78.0,UA,135,16.0
000_005_029_UA_100_T,3.72,261.0,-10.15,-64.082,5,29,100.0,UA,45,16.0
000_005_029_UA_100_B,3.72,261.0,-10.15,-64.082,5,29,100.0,UA,135,16.0
000_005_029_UA_140_T,3.72,261.0,-10.15,-64.082,5,29,140.0,UA,45,16.0
000_005_029_UA_140_B,3.72,261.0,-10.15,-64.082,5,29,140.0,UA,135,16.0
000_005_030_QB_078_T,6.14,225.72,-74.675,-76.575,5,30,78.0,QB,0,16.0
000_005_030_QB_078_B,6.14,225.72,-74.675,-76.575,5,30,78.0,QB,90,16.0
000_005_030_QB_100_T,6.14,225.72,-74.675,-76.575,5,30,100.0,QB,0,16.0
000_005_030_QB_100_B,6.14,225.72,-74.675,-76.575,5,30,100.0,QB,90,16.0
000_005_030_QB_140_T,6.14,225.72,-74.675,-76.575,5,30,140.0,QB,0,16.0
000_005_030_QB_140_B,6.14,225.72,-74.675,-76.575,5,30,140.0,QB,90,16.0
000_005_031_QA_078_T,5.66,231.12,-61.906,-76.776,5,31,78.0,QA,0,16.0
000_005_031_QA_078_B,5.66,231.12,-61.906,-76.776,5,31,78.0,QA,90,16.0
000_005_031_QA_100_T,5.66,231.12,-61.906,-76.776,5,31,100.0,QA,0,16.0
000_005_031_QA_100_B,5.66,231.12,-61.906,-76.776,5,31,100.0,QA,90,16.0
000_005_031_QA_140_T,5.66,231.12,-61.906,-76.776,5,31,140.0,QA,0,16.0
000_005_031_QA_140_B,5.66,231.12,-61.906,-76.776,5,31,140.0,QA,90,16.0
000_005_032_UB_078_T,5.24,237.6,-48.936,-77.111,5,32,78.0,UB,45,16.0
000_005_032_UB_078_B,5.24,237.6,-48.936,-77.111,5,32,78.0,UB,135,16.0
000_005_032_UB_100_T,5.24,237.6,-48.936,-77.111,5,32,100.0,UB,45,16.0
000_005_032_UB_100_B,5.24,237.6,-48.936,-77.111,5,32,100.0,UB,135,16.0
000_005_032_UB_140_T,5.24,237.6,-48.936,-77.111,5,32,140.0,UB,45,16.0
000_005_032_UB_140_B,5.24,237.6,-48.936,-77.111,5,32,140.0,UB,135,16.0
000_005_033_UA_078_T,4.88,245.16,-35.736,-77.199,5,33,78.0,UA,45,16.0
000_005_033_UA_078_B,4.88,245.16,-35.736,-77.199,5,33,78.0,UA,135,16.0
000_005_033_UA_100_T,4.88,245.16,-35.736,-77.199,5,33,100.0,UA,45,16.0
000_005_033_UA_100_B,4.88,245.16,-35.736,-77.199,5,33,100.0,UA,135,16.0
000_005_033_UA_140_T,4.88,245.16,-35.736,-77.199,5,33,140.0,UA,45,16.0
000_005_033_UA_140_B,4.88,245.16,-35.736,-77.199,5,33,140.0,UA,135,16.0
000_005_034_QB_078_T,4.62,253.44,-22.957,-77.206,5,34,78.0,QB,0,16.0
000_005_034_QB_078_B,4.62,253.44,-22.957,-77.206,5,34,78.0,QB,90,16.0
000_005_034_QB_100_T,4.62,253.44,-22.957,-77.206,5,34,100.0,QB,0,16.0
000_005_034_QB_100_B,4.62,253.44,-22.957,-77.206,5,34,100.0,QB,90,16.0
000_005_034_QB_140_T,4.62,253.44,-22.957,-77.206,5,34,140.0,QB,0,16.0
000_005_034_QB_140_B,4.62,253.44,-22.957,-77.206,5,34,140.0,QB,90,16.0
000_005_035_QA_078_T,4.46,262.44,-10.231,-77.087,5,35,78.0,QA,0,16.0
000_005_035_QA_078_B,4.46,262.44,-10.231,-77.087,5,35,78.0,QA,90,16.0
000_005_035_QA_100_T,4.46,262.44,-10.231,-77.087,5,35,100.0,QA,0,16.0
000_005_035_QA_100_B,4.46,262.44,-10.231,-77.087,5,35,100.0,QA,90,16.0
000_005_035_QA_140_T,4.46,262.44,-10.231,-77.087,5,35,140.0,QA,0,16.0
000_005_035_QA_140_B,4.46,262.44,-10.231,-77.087,5,35,140.0,QA,90,16.0
000_006_000_UB_068_T,0.84,-46.44,10.103,-10.624,6,0,68.0,UB,45,16.0
000_006_000_UB_068_B,0.84,-46.44,10.103,-10.624,6,0,68.0,UB,135,16.0
000_006_000_UB_089_T,0.84,-46.44,10.103,-10.624,6,0,89.0,UB,45,16.0
000_006_000_UB_089_B,0.84,-46.44,10.103,-10.624,6,0,89.0,UB,135,16.0
000_006_000_UB_119_T,0.84,-46.44,10.103,-10.624,6,0,119.0,UB,45,16.0
000_006_000_UB_119_B,0.84,-46.44,10.103,-10.624,6,0,119.0,UB,135,16.0
000_006_001_UA_068_T,1.44,-24.48,22.871,-10.413,6,1,68.0,UA,45,16.0
000_006_001_UA_068_B,1.44,-24.48,22.871,-10.413,6,1,68.0,UA,135,16.0
000_006_001_UA_089_T,1.44,-24.48,22.871,-10.413,6,1,89.0,UA,45,16.0
000_006_001_UA_089_B,1.44,-24.48,22.871,-10.413,6,1,89.0,UA,135,16.0
000_006_001_UA_119_T,1.44,-24.48,22.871,-10.413,6,1,119.0,UA,45,16.0
000_006_001_UA_119_B,1.44,-24.48,22.871,-10.413,6,1,119.0,UA,135,16.0
000_006_002_QB_068_T,2.14,-16.2,35.859,-10.418,6,2,68.0,QB,0,16.0
000_006_002_QB_068_B,2.14,-16.2,35.859,-10.418,6,2,68.0,QB,90,16.0
000_006_002_QB_089_T,2.14,-16.2,35.859,-10.418,6,2,89.0,QB,0,16.0
000_006_002_QB_089_B,2.14,-16.2,35.859,-10.418,6,2,89.0,QB,90,16.0
000_006_002_QB_119_T,2.14,-16.2,35.859,-10.418,6,2,119.0,QB,0,16.0
000_006_002_QB_119_B,2.14,-16.2,35.859,-10.418,6,2,119.0,QB,90,16.0
000_006_003_QA_068_T,2.86,-11.88,48.827,-10.272,6,3,68.0,QA,0,16.0
000_006_003_QA_068_B,2.86,-11.88,48.827,-10.272,6,3,68.0,QA,90,16.0
000_006_003_QA_089_T,2.86,-11.88,48.827,-10.272,6,3,89.0,QA,0,16.0
000_006_003_QA_089_B,2.86,-11.88,48.827,-10.272,6,3,89.0,QA,90,16.0
000_006_003_QA_119_T,2.86,-11.88,48.827,-10.272,6,3,119.0,QA,0,16.0
000_006_003_QA_119_B,2.86,-11.88,48.827,-10.272,6,3,119.0,QA,90,16.0
000_006_004_UB_068_T,3.58,-9.36,61.611,-10.155,6,4,68.0,UB,45,16.0
000_006_004_UB_068_B,3.58,-9.36,61.611,-10.155,6,4,68.0,UB,135,16.0
000_006_004_UB_089_T,3.58,-9.36,61.611,-10.155,6,4,89.0,UB,45,16.0
000_006_004_UB_089_B,3.58,-9.36,61.611,-10.155,6,4,89.0,UB,135,16.0
000_006_004_UB_119_T,3.58,-9.36,61.611,-10.155,6,4,119.0,UB,45,16.0
000_006_004_UB_119_B,3.58,-9.36,61.611,-10.155,6,4,119.0,UB,135,16.0
000_006_005_UA_068_T,4.3,-7.56,74.327,-9.865,6,5,68.0,UA,45,16.0
000_006_005_UA_068_B,4.3,-7.56,74.327,-9.865,6,5,68.0,UA,135,16.0
000_006_005_UA_089_T,4.3,-7.56,74.327,-9.865,6,5,89.0,UA,45,16.0
000_006_005_UA_089_B,4.3,-7.56,74.327,-9.865,6,5,89.0,UA,135,16.0
000_006_005_UA_119_T,4.3,-7.56,74.327,-9.865,6,5,119.0,UA,45,16.0
000_006_005_UA_119_B,4.3,-7.56,74.327,-9.865,6,5,119.0,UA,135,16.0
000_006_006_QB_068_T,1.5,-67.32,10.093,-24.153,6,6,68.0,QB,0,16.0
000_006_006_QB_068_B,1.5,-67.32,10.093,-24.153,6,6,68.0,QB,90,16.0
000_006_006_QB_089_T,1.5,-67.32,10.093,-24.153,6,6,89.0,QB,0,16.0
000_006_006_QB_089_B,1.5,-67.32,10.093,-24.153,6,6,89.0,QB,90,16.0
000_006_006_QB_119_T,1.5,-67.32,10.093,-24.153,6,6,119.0,QB,0,16.0
000_006_006_QB_119_B,1.5,-67.32,10.093,-24.153,6,6,119.0,QB,90,16.0
000_006_007_QA_068_T,1.9,-46.08,22.998,-23.882,6,7,68.0,QA,0,16.0
000_006_007_QA_068_B,1.9,-46.08,22.998,-23.882,6,7,68.0,QA,90,16.0
000_006_007_QA_089_T,1.9,-46.08,22.998,-23.882,6,7,89.0,QA,0,16.0
000_006_007_QA_089_B,1.9,-46.08,22.998,-23.882,6,7,89.0,QA,90,16.0
000_006_007_QA_119_T,1.9,-46.08,22.998,-23.882,6,7,119.0,QA,0,16.0
000_006_007_QA_119_B,1.9,-46.08,22.998,-23.882,6,7,119.0,QA,90,16.0
000_006_008_UB_068_T,2.46,-33.84,35.651,-23.902,6,8,68.0,UB,45,16.0
000_006_008_UB_068_B,2.46,-33.84,35.651,-23.902,6,8,68.0,UB,135,16.0
000_006_008_UB_089_T,2.46,-33.84,35.651,-23.902,6,8,89.0,UB,45,16.0
000_006_008_UB_089_B,2.46,-33.84,35.651,-23.902,6,8,89.0,UB,135,16.0
000_006_008_UB_119_T,2.46,-33.84,35.651,-23.902,6,8,119.0,UB,45,16.0
000_006_008_UB_119_B,2.46,-33.84,35.651,-23.902,6,8,119.0,UB,135,16.0
000_006_009_UA_068_T,3.1,-25.92,48.639,-23.639,6,9,68.0,UA,45,16.0
000_006_009_UA_068_B,3.1,-25.92,48.639,-23.639,6,9,68.0,UA,135,16.0
000_006_009_UA_089_T,3.1,-25.92,48.639,-23.639,6,9,89.0,UA,45,16.0
000_006_009_UA_089_B,3.1,-25.92,48.639,-23.639,6,9,89.0,UA,135,16.0
000_006_009_UA_119_T,3.1,-25.92,48.639,-23.639,6,9,119.0,UA,45,16.0
000_006_009_UA_119_B,3.1,-25.92,48.639,-23.639,6,9,119.0,UA,135,16.0
000_006_010_QB_068_T,3.78,-20.88,61.596,-23.497,6,10,68.0,QB,0,16.0
000_006_010_QB_068_B,3.78,-20.88,61.596,-23.497,6,10,68.0,QB,90,16.0
000_006_010_QB_089_T,3.78,-20.88,61.596,-23.497,6,10,89.0,QB,0,16.0
000_006_010_QB_089_B,3.78,-20.88,61.596,-23.497,6,10,89.0,QB,90,16.0
000_006_010_QB_119_T,3.78,-20.88,61.596,-23.497,6,10,119.0,QB,0,16.0
000_006_010_QB_119_B,3.78,-20.88,61.596,-23.497,6,10,119.0,QB,90,16.0
000_006_011_QA_068_T,4.48,-17.28,74.586,-23.202,6,11,68.0,QA,0,16.0
000_006_011_QA_068_B,4.48,-17.28,74.586,-23.202,6,11,68.0,QA,90,16.0
000_006_011_QA_089_T,4.48,-17.28,74.586,-23.202,6,11,89.0,QA,0,16.0
000_006_011_QA_089_B,4.48,-17.28,74.586,-23.202,6,11,89.0,QA,90,16.0
000_006_011_QA_119_T,4.48,-17.28,74.586,-23.202,6,11,119.0,QA,0,16.0
000_006_011_QA_119_B,4.48,-17.28,74.586,-23.202,6,11,119.0,QA,90,16.0
000_006_012_UB_068_T,2.22,-74.88,10.104,-37.396,6,12,68.0,UB,45,16.0
000_006_012_UB_068_B,2.22,-74.88,10.104,-37.396,6,12,68.0,UB,135,16.0
000_006_012_UB_089_T,2.22,-74.88,10.104,-37.396,6,12,89.0,UB,45,16.0
000_006_012_UB_089_B,2.22,-74.88,10.104,-37.396,6,12,89.0,UB,135,16.0
000_006_012_UB_119_T,2.22,-74.88,10.104,-37.396,6,12,119.0,UB,45,16.0
000_006_012_UB_119_B,2.22,-74.88,10.104,-37.396,6,12,119.0,UB,135,16.0
000_006_013_UA_068_T,2.52,-58.32,23.091,-37.417,6,13,68.0,UA,45,16.0
000_006_013_UA_068_B,2.52,-58.32,23.091,-37.417,6,13,68.0,UA,135,16.0
000_006_013_UA_089_T,2.52,-58.32,23.091,-37.417,6,13,89.0,UA,45,16.0
000_006_013_UA_089_B,2.52,-58.32,23.091,-37.417,6,13,89.0,UA,135,16.0
000_006_013_UA_119_T,2.52,-58.32,23.091,-37.417,6,13,119.0,UA,45,16.0
000_006_013_UA_119_B,2.52,-58.32,23.091,-37.417,6,13,119.0,UA,135,16.0
000_006_014_QB_068_T,2.96,-46.08,35.819,-37.196,6,14,68.0,QB,0,16.0
000_006_014_QB_068_B,2.96,-46.08,35.819,-37.196,6,14,68.0,QB,90,16.0
000_006_014_QB_089_T,2.96,-46.08,35.819,-37.196,6,14,89.0,QB,0,16.0
000_006_014_QB_089_B,2.96,-46.08,35.819,-37.196,6,14,89.0,QB,90,16.0
000_006_014_QB_119_T,2.96,-46.08,35.819,-37.196,6,14,119.0,QB,0,16.0
000_006_014_QB_119_B,2.96,-46.08,35.819,-37.196,6,14,119.0,QB,90,16.0
000_006_015_QA_068_T,3.52,-37.44,48.749,-37.325,6,15,68.0,QA,0,16.0
000_006_015_QA_068_B,3.52,-37.44,48.749,-37.325,6,15,68.0,QA,90,16.0
000_006_015_QA_089_T,3.52,-37.44,48.749,-37.325,6,15,89.0,QA,0,16.0
000_006_015_QA_089_B,3.52,-37.44,48.749,-37.325,6,15,89.0,QA,90,16.0
000_006_015_QA_119_T,3.52,-37.44,48.749,-37.325,6,15,119.0,QA,0,16.0
000_006_015_QA_119_B,3.52,-37.44,48.749,-37.325,6,15,119.0,QA,90,16.0
000_006_016_UB_068_T,4.12,-30.96,61.61,-36.96,6,16,68.0,UB,45,16.0
000_006_016_UB_068_B,4.12,-30.96,61.61,-36.96,6,16,68.0,UB,135,16.0
000_006_016_UB_089_T,4.12,-30.96,61.61,-36.96,6,16,89.0,UB,45,16.0
000_006_016_UB_089_B,4.12,-30.96,61.61,-36.96,6,16,89.0,UB,135,16.0
000_006_016_UB_119_T,4.12,-30.96,61.61,-36.96,6,16,119.0,UB,45,16.0
000_006_016_UB_119_B,4.12,-30.96,61.61,-36.96,6,16,119.0,UB,135,16.0
000_006_017_UA_068_T,4.76,-26.28,74.405,-36.741,6,17,68.0,UA,45,16.0
000_006_017_UA_068_B,4.76,-26.28,74.405,-36.741,6,17,68.0,UA,135,16.0
000_006_017_UA_089_T,4.76,-26.28,74.405,-36.741,6,17,89.0,UA,45,16.0
000_006_017_UA_089_B,4.76,-26.28,74.405,-36.741,6,17,89.0,UA,135,16.0
000_006_017_UA_119_T,4.76,-26.28,74.405,-36.741,6,17,119.0,UA,45,16.0
000_006_017_UA_119_B,4.76,-26.28,74.405,-36.741,6,17,119.0,UA,135,16.0
000_006_018_QB_078_T,2.96,-78.84,9.995,-50.662,6,18,78.0,QB,0,16.0
000_006_018_QB_078_B,2.96,-78.84,9.995,-50.662,6,18,78.0,QB,90,16.0
000_006_018_QB_100_T,2.96,-78.84,9.995,-50.662,6,18,100.0,QB,0,16.0
000_006_018_QB_100_B,2.96,-78.84,9.995,-50.662,6,18,100.0,QB,90,16.0
000_006_018_QB_140_T,2.96,-78.84,9.995,-50.662,6,18,140.0,QB,0,16.0
000_006_018_QB_140_B,2.96,-78.84,9.995,-50.662,6,18,140.0,QB,90,16.0
000_006_019_QA_078_T,3.2,-65.52,23.131,-50.803,6,19,78.0,QA,0,16.0
000_006_019_QA_078_B,3.2,-65.52,23.131,-50.803,6,19,78.0,QA,90,16.0
000_006_019_QA_100_T,3.2,-65.52,23.131,-50.803,6,19,100.0,QA,0,16.0
000_006_019_QA_100_B,3.2,-65.52,23.131,-50.803,6,19,100.0,QA,90,16.0
000_006_019_QA_140_T,3.2,-65.52,23.131,-50.803,6,19,140.0,QA,0,16.0
000_006_019_QA_140_B,3.2,-65.52,23.131,-50.803,6,19,140.0,QA,90,16.0
000_006_020_UB_078_T,3.56,-54.72,35.864,-50.69,6,20,78.0,UB,45,16.0
000_006_020_UB_078_B,3.56,-54.72,35.864,-50.69,6,20,78.0,UB,135,16.0
000_006_020_UB_100_T,3.56,-54.72,35.864,-50.69,6,20,100.0,UB,45,16.0
000_006_020_UB_100_B,3.56,-54.72,35.864,-50.69,6,20,100.0,UB,135,16.0
000_006_020_UB_140_T,3.56,-54.72,35.864,-50.69,6,20,140.0,UB,45,16.0
000_006_020_UB_140_B,3.56,-54.72,35.864,-50.69,6,20,140.0,UB,135,16.0
000_006_021_UA_078_T,4.02,-46.08,48.628,-50.497,6,21,78.0,UA,45,16.0
000_006_021_UA_078_B,4.02,-46.08,48.628,-50.497,6,21,78.0,UA,135,16.0
000_006_021_UA_100_T,4.02,-46.08,48.628,-50.497,6,21,100.0,UA,45,16.0
000_006_021_UA_100_B,4.02,-46.08,48.628,-50.497,6,21,100.0,UA,135,16.0
000_006_021_UA_140_T,4.02,-46.08,48.628,-50.497,6,21,140.0,UA,45,16.0
000_006_021_UA_140_B,4.02,-46.08,48.628,-50.497,6,21,140.0,UA,135,16.0
000_006_022_QB_078_T,4.56,-39.24,61.575,-50.291,6,22,78.0,QB,0,16.0
000_006_022_QB_078_B,4.56,-39.24,61.575,-50.291,6,22,78.0,QB,90,16.0
000_006_022_QB_100_T,4.56,-39.24,61.575,-50.291,6,22,100.0,QB,0,16.0
000_006_022_QB_100_B,4.56,-39.24,61.575,-50.291,6,22,100.0,QB,90,16.0
000_006_022_QB_140_T,4.56,-39.24,61.575,-50.291,6,22,140.0,QB,0,16.0
000_006_022_QB_140_B,4.56,-39.24,61.575,-50.291,6,22,140.0,QB,90,16.0
000_006_023_QA_078_T,5.16,-33.84,74.702,-50.084,6,23,78.0,QA,0,16.0
000_006_023_QA_078_B,5.16,-33.84,74.702,-50.084,6,23,78.0,QA,90,16.0
000_006_023_QA_100_T,5.16,-33.84,74.702,-50.084,6,23,100.0,QA,0,16.0
000_006_023_QA_100_B,5.16,-33.84,74.702,-50.084,6,23,100.0,QA,90,16.0
000_006_023_QA_140_T,5.16,-33.84,74.702,-50.084,6,23,140.0,QA,0,16.0
000_006_023_QA_140_B,5.16,-33.84,74.702,-50.084,6,23,140.0,QA,90,16.0
000_006_024_UB_078_T,3.72,-81.0,10.15,-64.082,6,24,78.0,UB,45,16.0
000_006_024_UB_078_B,3.72,-81.0,10.15,-64.082,6,24,78.0,UB,135,16.0
000_006_024_UB_100_T,3.72,-81.0,10.15,-64.082,6,24,100.0,UB,45,16.0
000_006_024_UB_100_B,3.72,-81.0,10.15,-64.082,6,24,100.0,UB,135,16.0
000_006_024_UB_140_T,3.72,-81.0,10.15,-64.082,6,24,140.0,UB,45,16.0
000_006_024_UB_140_B,3.72,-81.0,10.15,-64.082,6,24,140.0,UB,135,16.0
000_006_025_UA_078_T,3.9,-70.2,23.039,-63.994,6,25,78.0,UA,45,16.0
000_006_025_UA_078_B,3.9,-70.2,23.039,-63.994,6,25,78.0,UA,135,16.0
000_006_025_UA_100_T,3.9,-70.2,23.039,-63.994,6,25,100.0,UA,45,16.0
000_006_025_UA_100_B,3.9,-70.2,23.039,-63.994,6,25,100.0,UA,135,16.0
000_006_025_UA_140_T,3.9,-70.2,23.039,-63.994,6,25,140.0,UA,45,16.0
000_006_025_UA_140_B,3.9,-70.2,23.039,-63.994,6,25,140.0,UA,135,16.0
000_006_026_QB_078_T,4.2,-60.84,35.685,-63.956,6,26,78.0,QB,0,16.0
000_006_026_QB_078_B,4.2,-60.84,35.685,-63.956,6,26,78.0,QB,90,16.0
000_006_026_QB_100_T,4.2,-60.84,35.685,-63.956,6,26,100.0,QB,0,16.0
000_006_026_QB_100_B,4.2,-60.84,35.685,-63.956,6,26,100.0,QB,90,16.0
000_006_026_QB_140_T,4.2,-60.84,35.685,-63.956,6,26,140.0,QB,0,16.0
000_006_026_QB_140_B,4.2,-60.84,35.685,-63.956,6,26,140.0,QB,90,16.0
000_006_027_QA_078_T,4.6,-52.56,48.755,-63.677,6,27,78.0,QA,0,16.0
000_006_027_QA_078_B,4.6,-52.56,48.755,-63.677,6,27,78.0,QA,90,16.0
000_006_027_QA_100_T,4.6,-52.56,48.755,-63.677,6,27,100.0,QA,0,16.0
000_006_027_QA_100_B,4.6,-52.56,48.755,-63.677,6,27,100.0,QA,90,16.0
000_006_027_QA_140_T,4.6,-52.56,48.755,-63.677,6,27,140.0,QA,0,16.0
000_006_027_QA_140_B,4.6,-52.56,48.755,-63.677,6,27,140.0,QA,90,16.0
000_006_028_UB_078_T,5.08,-46.08,61.421,-63.781,6,28,78.0,UB,45,16.0
000_006_028_UB_078_B,5.08,-46.08,61.421,-63.781,6,28,78.0,UB,135,16.0
000_006_028_UB_100_T,5.08,-46.08,61.421,-63.781,6,28,100.0,UB,45,16.0
000_006_028_UB_100_B,5.08,-46.08,61.421,-63.781,6,28,100.0,UB,135,16.0
000_006_028_UB_140_T,5.08,-46.08,61.421,-63.781,6,28,140.0,UB,45,16.0
000_006_028_UB_140_B,5.08,-46.08,61.421,-63.781,6,28,140.0,UB,135,16.0
000_006_029_UA_078_T,5.62,-40.32,74.666,-63.366,6,29,78.0,UA,45,16.0
000_006_029_UA_078_B,5.62,-40.32,74.666,-63.366,6,29,78.0,UA,135,16.0
000_006_029_UA_100_T,5.62,-40.32,74.666,-63.366,6,29,100.0,UA,45,16.0
000_006_029_UA_100_B,5.62,-40.32,74.666,-63.366,6,29,100.0,UA,135,16.0
000_006_029_UA_140_T,5.62,-40.32,74.666,-63.366,6,29,140.0,UA,45,16.0
000_006_029_UA_140_B,5.62,-40.32,74.666,-63.366,6,29,140.0,UA,135,16.0
000_006_030_QB_078_T,4.46,-82.44,10.231,-77.087,6,30,78.0,QB,0,16.0
000_006_030_QB_078_B,4.46,-82.44,10.231,-77.087,6,30,78.0,QB,90,16.0
000_006_030_QB_100_T,4.46,-82.44,10.231,-77.087,6,30,100.0,QB,0,16.0
000_006_030_QB_100_B,4.46,-82.44,10.231,-77.087,6,30,100.0,QB,90,16.0
000_006_030_QB_140_T,4.46,-82.44,10.231,-77.087,6,30,140.0,QB,0,16.0
000_006_030_QB_140_B,4.46,-82.44,10.231,-77.087,6,30,140.0,QB,90,16.0
000_006_031_QA_078_T,4.62,-73.44,22.957,-77.206,6,31,78.0,QA,0,16.0
000_006_031_QA_078_B,4.62,-73.44,22.957,-77.206,6,31,78.0,QA,90,16.0
000_006_031_QA_100_T,4.62,-73.44,22.957,-77.206,6,31,100.0,QA,0,16.0
000_006_031_QA_100_B,4.62,-73.44,22.957,-77.206,6,31,100.0,QA,90,16.0
000_006_031_QA_140_T,4.62,-73.44,22.957,-77.206,6,31,140.0,QA,0,16.0
000_006_031_QA_140_B,4.62,-73.44,22.957,-77.206,6,31,140.0,QA,90,16.0
000_006_032_UB_078_T,4.88,-65.16,35.736,-77.199,6,32,78.0,UB,45,16.0
000_006_032_UB_078_B,4.88,-65.16,35.736,-77.199,6,32,78.0,UB,135,16.0
000_006_032_UB_100_T,4.88,-65.16,35.736,-77.199,6,32,100.0,UB,45,16.0
000_006_032_UB_100_B,4.88,-65.16,35.736,-77.199,6,32,100.0,UB,135,16.0
000_006_032_UB_140_T,4.88,-65.16,35.736,-77.199,6,32,140.0,UB,45,16.0
000_006_032_UB_140_B,4.88,-65.16,35.736,-77.199,6,32,140.0,UB,135,16.0
000_006_033_UA_078_T,5.24,-57.6,48.936,-77.111,6,33,78.0,UA,45,16.0
000_006_033_UA_078_B,5.24,-57.6,48.936,-77.111,6,33,78.0,UA,135,16.0
000_006_033_UA_100_T,5.24,-57.6,48.936,-77.111,6,33,100.0,UA,45,16.0
000_006_033_UA_100_B,5.24,-57.6,48.936,-77.111,6,33,100.0,UA,135,16.0
000_006_033_UA_140_T,5.24,-57.6,48.936,-77.111,6,33,140.0,UA,45,16.0
000_006_033_UA_140_B,5.24,-57.6,48.936,-77.111,6,33,140.0,UA,135,16.0
000_006_034_QB_078_T,5.66,-51.12,61.906,-76.776,6,34,78.0,QB,0,16.0
000_006_034_QB_078_B,5.66,-51.12,61.906,-76.776,6,34,78.0,QB,90,16.0
000_006_034_QB_100_T,5.66,-51.12,61.906,-76.776,6,34,100.0,QB,0,16.0
000_006_034_QB_100_B,5.66,-51.12,61.906,-76.776,6,34,100.0,QB,90,16.0
000_006_034_QB_140_T,5.66,-51.12,61.906,-76.776,6,34,140.0,QB,0,16.0
000_006_034_QB_140_B,5.66,-51.12,61.906,-76.776,6,34,140.0,QB,90,16.0
000_006_035_QA_078_T,6.14,-45.72,74.675,-76.575,6,35,78.0,QA,0,16.0
000_006_035_QA_078_B,6.14,-45.72,74.675,-76.575,6,35,78.0,QA,90,16.0
000_006_035_QA_100_T,6.14,-45.72,74.675,-76.575,6,35,100.0,QA,0,16.0
000_006_035_QA_100_B,6.14,-45.72,74.675,-76.575,6,35,100.0,QA,90,16.0
000_006_035_QA_140_T,6.14,-45.72,74.675,-76.575,6,35,140.0,QA,0,16.0
000_006_035_QA_140_B,6.14,-45.72,74.675,-76.575,6,35,140.0,QA,90,16.0
000_007_000_QB_040_T,5.86,-9.2,100.785,-16.324,7,0,40.0,QB,0,32.0
000_007_000_QB_040_B,5.86,-9.2,100.785,-16.324,7,0,40.0,QB,90,32.0
000_007_000_QB_060_T,5.86,-9.2,100.785,-16.324,7,0,60.0,QB,0,32.0
000_007_000_QB_060_B,5.86,-9.2,100.785,-16.324,7,0,60.0,QB,90,32.0
000_007_000_QB_078_T,5.86,-9.2,100.785,-16.324,7,0,78.0,QB,0,32.0
000_007_000_QB_078_B,5.86,-9.2,100.785,-16.324,7,0,78.0,QB,90,32.0
000_007_001_QA_040_T,7.32,-7.0,126.461,-15.527,7,1,40.0,QA,0,32.0
000_007_001_QA_040_B,7.32,-7.0,126.461,-15.527,7,1,40.0,QA,90,32.0
000_007_001_QA_060_T,7.32,-7.0,126.461,-15.527,7,1,60.0,QA,0,32.0
000_007_001_QA_060_B,7.32,-7.0,126.461,-15.527,7,1,60.0,QA,90,32.0
000_007_001_QA_078_T,7.32,-7.0,126.461,-15.527,7,1,78.0,QA,0,32.0
000_007_001_QA_078_B,7.32,-7.0,126.461,-15.527,7,1,78.0,QA,90,32.0
000_007_002_QB_040_T,8.8,-5.6,152.256,-14.929,7,2,40.0,QB,0,32.0
000_007_002_QB_040_B,8.8,-5.6,152.256,-14.929,7,2,40.0,QB,90,32.0
000_007_002_QB_060_T,8.8,-5.6,152.256,-14.929,7,2,60.0,QB,0,32.0
000_007_002_QB_060_B,8.8,-5.6,152.256,-14.929,7,2,60.0,QB,90,32.0
000_007_002_QB_078_T,8.8,-5.6,152.256,-14.929,7,2,78.0,QB,0,32.0
000_007_002_QB_078_B,8.8,-5.6,152.256,-14.929,7,2,78.0,QB,90,32.0
000_007_003_QB_040_T,6.3,-23.0,101.011,-42.877,7,3,40.0,QB,0,32.0
000_007_003_QB_040_B,6.3,-23.0,101.011,-42.877,7,3,40.0,QB,90,32.0
000_007_003_QB_060_T,6.3,-23.0,101.011,-42.877,7,3,60.0,QB,0,32.0
000_007_003_QB_060_B,6.3,-23.0,101.011,-42.877,7,3,60.0,QB,90,32.0
000_007_003_QB_078_T,6.3,-23.0,101.011,-42.877,7,3,78.0,QB,0,32.0
000_007_003_QB_078_B,6.3,-23.0,101.011,-42.877,7,3,78.0,QB,90,32.0
000_007_004_UA_040_T,7.68,-18.6,126.66,-42.626,7,4,40.0,UA,45,32.0
000_007_004_UA_040_B,7.68,-18.6,126.66,-42.626,7,4,40.0,UA,135,32.0
000_007_004_UA_060_T,7.68,-18.6,126.66,-42.626,7,4,60.0,UA,45,32.0
000_007_004_UA_060_B,7.68,-18.6,126.66,-42.626,7,4,60.0,UA,135,32.0
000_007_004_UA_078_T,7.68,-18.6,126.66,-42.626,7,4,78.0,UA,45,32.0
000_007_004_UA_078_B,7.68,-18.6,126.66,-42.626,7,4,78.0,UA,135,32.0
000_007_005_UB_040_T,9.08,-15.2,152.293,-41.377,7,5,40.0,UB,45,32.0
000_007_005_UB_040_B,9.08,-15.2,152.293,-41.377,7,5,40.0,UB,135,32.0
000_007_005_UB_060_T,9.08,-15.2,152.293,-41.377,7,5,60.0,UB,45,32.0
000_007_005_UB_060_B,9.08,-15.2,152.293,-41.377,7,5,60.0,UB,135,32.0
000_007_005_UB_078_T,9.08,-15.2,152.293,-41.377,7,5,78.0,UB,45,32.0
000_007_005_UB_078_B,9.08,-15.2,152.293,-41.377,7,5,78.0,UB,135,32.0
000_007_006_QB_050_T,7.04,-34.6,100.885,-69.596,7,6,50.0,QB,0,32.0
000_007_006_QB_050_B,7.04,-34.6,100.885,-69.596,7,6,50.0,QB,90,32.0
000_007_006_QB_068_T,7.04,-34.6,100.885,-69.596,7,6,68.0,QB,0,32.0
000_007_006_QB_068_B,7.04,-34.6,100.885,-69.596,7,6,68.0,QB,90,32.0
000_007_006_QB_089_T,7.04,-34.6,100.885,-69.596,7,6,89.0,QB,0,32.0
000_007_006_QB_089_B,7.04,-34.6,100.885,-69.596,7,6,89.0,QB,90,32.0
000_007_007_UA_050_T,8.3,-28.6,126.742,-69.102,7,7,50.0,UA,45,32.0
000_007_007_UA_050_B,8.3,-28.6,126.742,-69.102,7,7,50.0,UA,135,32.0
000_007_007_UA_068_T,8.3,-28.6,126.742,-69.102,7,7,68.0,UA,45,32.0
000_007_007_UA_068_B,8.3,-28.6,126.742,-69.102,7,7,68.0,UA,135,32.0
000_007_007_UA_089_T,8.3,-28.6,126.742,-69.102,7,7,89.0,UA,45,32.0
000_007_007_UA_089_B,8.3,-28.6,126.742,-69.102,7,7,89.0,UA,135,32.0
000_007_008_UB_050_T,9.6,-24.2,152.113,-68.362,7,8,50.0,UB,45,32.0
000_007_008_UB_050_B,9.6,-24.2,152.113,-68.362,7,8,50.0,UB,135,32.0
000_007_008_UB_068_T,9.6,-24.2,152.113,-68.362,7,8,68.0,UB,45,32.0
000_007_008_UB_068_B,9.6,-24.2,152.113,-68.362,7,8,68.0,UB,135,32.0
000_007_008_UB_089_T,9.6,-24.2,152.113,-68.362,7,8,89.0,UB,45,32.0
000_007_008_UB_089_B,9.6,-24.2,152.113,-68.362,7,8,89.0,UB,135,32.0

